Pozo,Profundidad,Porosidad,Permeabilidad,Saturacion_agua,Volumen_arcilla
P1,1039.1,0.0001,,1.0,0.8914
P1,1039.2,0.0001,,1.0,0.9473
P1,1039.3,0.0001,,1.0,0.9365
P1,1039.4,0.0001,,1.0,0.9570000000000001
P1,1039.5,0.0001,,1.0,0.8894
P1,1039.6,0.0002,,1.0,0.8735
P1,1040.1,0.0021,,1.0,0.7812
P1,1040.2,0.0001,,1.0,0.9446
P1,1040.3,0.0001,,1.0,1.0
P1,1040.4,0.0001,,1.0,0.9633
P1,1040.5,0.0003,,1.0,0.8583
P1,1040.6,0.0004,,1.0,0.8472
P1,1040.7,0.003,,1.0,0.7655
P1,1043.9,0.0073,,1.0,0.7201
P1,1044.8,0.0042,,1.0,0.7482
P1,1044.9,0.0003,,1.0,0.8644
P1,1045.0,0.0001,,1.0,0.9323
P1,1045.1,0.0001,,1.0,0.9196
P1,1045.2,0.0071,,1.0,0.7213
P1,1047.3,0.0005,,1.0,0.8464
P1,1047.4,0.0001,,1.0,1.0
P1,1047.5,0.0001,,1.0,1.0
P1,1047.6,0.0005,,1.0,0.8402
P1,1048.3,0.0005,,1.0,0.8452
P1,1048.4,0.0001,,1.0,1.0
P1,1048.5,0.0001,,1.0,1.0
P1,1048.6,0.0001,,1.0,1.0
P1,1048.7,0.0001,,1.0,1.0
P1,1048.8,0.0001,,1.0,0.9749
P1,1048.9,0.0001,,1.0,0.9496
P1,1049.0,0.0001,,1.0,0.9709
P1,1049.1,0.0001,,1.0,0.9794
P1,1049.2,0.0006,,1.0,0.8373
P1,1049.3,0.009000000000000001,,1.0,0.708
P1,1049.8,0.0035,,1.0,0.7569
P1,1049.9,0.0002,,1.0,0.8784
P1,1050.0,0.0001,,1.0,1.0
P1,1050.1,0.0001,,1.0,1.0
P1,1050.2,0.0001,,1.0,1.0
P1,1050.3,0.0001,,1.0,1.0
P1,1050.4,0.0001,,1.0,1.0
P1,1050.5,0.0001,,1.0,1.0
P1,1050.6,0.0001,,1.0,1.0
P1,1050.7,0.0002,,1.0,0.8689
P1,1050.8,0.0003,,1.0,0.8606
P1,1050.9,0.0001,,1.0,0.9065
P1,1051.0,0.0001,,1.0,1.0
P1,1051.1,0.0001,,1.0,0.9539
P1,1051.2,0.0094,,1.0,0.7059
P1,1051.3,0.0001,,1.0,0.8966
P1,1051.4,0.0001,,1.0,0.9162
P1,1051.5,0.0036,,1.0,0.7561
P1,1053.2,0.0019,,1.0,0.7859
P1,1053.3,0.0001,,1.0,1.0
P1,1053.4,0.0001,,1.0,1.0
P1,1053.5,0.0001,,1.0,1.0
P1,1053.6,0.0001,,1.0,1.0
P1,1053.7,0.0001,,1.0,1.0
P1,1053.8,0.0001,,1.0,1.0
P1,1053.9,0.0001,,1.0,1.0
P1,1054.0,0.0001,,1.0,1.0
P1,1054.1,0.0001,,1.0,1.0
P1,1054.2,0.0001,,1.0,1.0
P1,1054.3,0.0001,,1.0,1.0
P1,1054.4,0.0001,,1.0,1.0
P1,1054.5,0.0001,,1.0,1.0
P1,1054.6,0.0001,,1.0,1.0
P1,1054.7,0.0006,,1.0,0.8364
P1,1055.5,0.0041,,1.0,0.7499
P1,1055.6,0.0005,,1.0,0.8403
P1,1055.7,0.0001,,1.0,0.9058
P1,1055.8,0.0001,,1.0,0.8868
P1,1055.9,0.001,,1.0,0.8157
P1,1059.1,0.0016,,1.0,0.7945
P1,1059.2,0.0002,,1.0,0.8757
P1,1059.3,0.0005,,1.0,0.8432
P1,1061.1,0.0077,,1.0,0.7170000000000001
P1,1061.2,0.0003,,1.0,0.8561
P1,1061.3,0.0002,,1.0,0.8857
P1,1061.4,0.0001,,1.0,0.8988
P1,1061.5,0.0001,,1.0,0.9165
P1,1061.6,0.0001,,1.0,0.8905
P1,1061.7,0.0006,,1.0,0.8386
P1,1062.5,0.0001,,1.0,0.9556
P1,1062.6,0.0014,,1.0,0.8012
P1,1062.7,0.0029,,1.0,0.7662
P1,1062.8,0.0002,,1.0,0.8809999999999999
P1,1062.9,0.0002,,1.0,0.8841
P1,1063.0,0.0001,,1.0,1.0
P1,1063.1,0.0001,,1.0,1.0
P1,1063.2,0.0001,,1.0,0.9867
P1,1063.3,0.0025,,1.0,0.7739
P1,1064.1,0.0003,,1.0,0.8634
P1,1064.2,0.0001,,1.0,0.9582
P1,1064.3,0.0015,,1.0,0.7981
P1,1065.0,0.0049,,1.0,0.7408
P1,1065.1,0.005,,1.0,0.7394
P1,1066.0,0.0006,,1.0,0.8332
P1,1066.1,0.0003,,1.0,0.8671
P1,1066.2,0.0001,,1.0,0.9085
P1,1066.3,0.0001,,1.0,0.9304
P1,1066.4,0.0001,,1.0,0.9822
P1,1066.5,0.0001,,1.0,0.9151
P1,1066.6,0.0001,,1.0,1.0
P1,1066.7,0.0001,,1.0,1.0
P1,1066.8,0.0001,,1.0,1.0
P1,1066.9,0.0001,,1.0,1.0
P1,1067.0,0.0001,,1.0,0.9814
P1,1067.1,0.0001,,1.0,0.8877
P1,1067.2,0.0001,,1.0,0.981
P1,1067.3,0.0001,,1.0,1.0
P1,1067.4,0.0001,,1.0,0.9983
P1,1067.5,0.0001,,1.0,0.8941
P1,1067.6,0.0089,,1.0,0.7085
P1,1067.8,0.0045,,1.0,0.7446
P1,1067.9,0.0001,,1.0,0.9177
P1,1068.0,0.0001,,1.0,1.0
P1,1068.1,0.0001,,1.0,0.9488
P1,1068.2,0.0001,,1.0,1.0
P1,1068.3,0.0001,,1.0,0.9045
P1,1068.4,0.0001,,1.0,0.9196
P1,1068.5,0.0001,,1.0,0.9863
P1,1068.6,0.0003,,1.0,0.8606
P1,1068.7,0.0001,,1.0,0.99
P1,1068.8,0.0012,,1.0,0.8077
P1,1070.4,0.0007,,1.0,0.8305
P1,1070.5,0.0001,,1.0,1.0
P1,1070.6,0.0001,,1.0,0.9938
P1,1070.7,0.0001,,1.0,0.9207
P1,1070.8,0.0028,,1.0,0.7682
P1,1071.2,0.0061,,1.0,0.7291
P1,1071.3,0.0001,,1.0,0.9098
P1,1071.4,0.0001,,1.0,0.966
P1,1071.5,0.0001,,1.0,1.0
P1,1071.6,0.0001,,1.0,1.0
P1,1071.7,0.0001,,1.0,0.9866
P1,1071.8,0.0032,,1.0,0.7614
P1,1072.3,0.0068,,1.0,0.7239
P1,1072.4,0.0001,,1.0,0.9085
P1,1072.5,0.0001,,1.0,0.9877
P1,1072.6,0.0001,,1.0,0.9392
P1,1072.7,0.0006,,1.0,0.8383
P1,1074.0,0.0001,,1.0,0.9685
P1,1074.1,0.0001,,1.0,0.9623
P1,1074.2,0.0001,,1.0,0.892
P1,1074.3,0.0031,,1.0,0.7638
P1,1074.4,0.0095,,1.0,0.7049
P1,1074.6,0.0046,,1.0,0.7438
P1,1074.7,0.0004,,1.0,0.847
P1,1074.8,0.0001,,1.0,0.9774
P1,1074.9,0.0001,,1.0,1.0
P1,1075.0,0.0001,,1.0,1.0
P1,1075.1,0.0001,,1.0,1.0
P1,1075.2,0.0001,,1.0,1.0
P1,1075.3,0.0001,,1.0,0.9051
P1,1075.4,0.0011,,1.0,0.8086
P1,1075.5,0.0007,,1.0,0.8282
P1,1075.8,0.0002,,1.0,0.8719
P1,1075.9,0.0001,,1.0,0.9574
P1,1076.0,0.0001,,1.0,1.0
P1,1076.1,0.0001,,1.0,0.9913
P1,1076.2,0.0001,,1.0,0.9149
P1,1076.3,0.0017,,1.0,0.7902
P1,1076.4,0.004,,1.0,0.7504
P1,1076.8,0.0003,,1.0,0.8664
P1,1076.9,0.0001,,1.0,1.0
P1,1077.0,0.0001,,1.0,1.0
P1,1077.1,0.0001,,1.0,1.0
P1,1077.2,0.0001,,1.0,1.0
P1,1077.3,0.0001,,1.0,0.9384
P1,1077.4,0.0001,,1.0,0.9721
P1,1077.5,0.0001,,1.0,1.0
P1,1077.6,0.0001,,1.0,1.0
P1,1077.7,0.0001,,1.0,1.0
P1,1077.8,0.0001,,1.0,1.0
P1,1077.9,0.0001,,1.0,0.9806
P1,1078.0,0.0002,,1.0,0.8792
P1,1078.1,0.0001,,1.0,0.9388
P1,1078.2,0.0001,,1.0,0.9733
P1,1078.3,0.0002,,1.0,0.8688
P1,1078.7,0.0011,,1.0,0.812
P1,1078.8,0.0001,,1.0,1.0
P1,1078.9,0.0001,,1.0,1.0
P1,1079.0,0.0001,,1.0,1.0
P1,1079.1,0.0001,,1.0,1.0
P1,1079.2,0.0001,,1.0,1.0
P1,1079.3,0.0009,,1.0,0.8183
P1,1079.4,0.0003,,1.0,0.8613
P1,1079.5,0.0001,,1.0,0.9955
P1,1079.6,0.0001,,1.0,1.0
P1,1079.7,0.0001,,1.0,1.0
P1,1079.8,0.0001,,1.0,1.0
P1,1079.9,0.0001,,1.0,1.0
P1,1080.0,0.0001,,1.0,1.0
P1,1080.1,0.0001,,1.0,1.0
P1,1080.2,0.0001,,1.0,1.0
P1,1080.3,0.0001,,1.0,1.0
P1,1080.4,0.0001,,1.0,1.0
P1,1080.5,0.0001,,1.0,1.0
P1,1080.6,0.0001,,1.0,1.0
P1,1080.7,0.0001,,1.0,1.0
P1,1080.8,0.0001,,1.0,1.0
P1,1080.9,0.0001,,1.0,1.0
P1,1081.0,0.0001,,1.0,1.0
P1,1081.1,0.0001,,1.0,1.0
P1,1081.2,0.0001,,1.0,1.0
P1,1081.3,0.0001,,1.0,1.0
P1,1081.4,0.0001,,1.0,1.0
P1,1081.5,0.0001,,1.0,1.0
P1,1081.6,0.0001,,1.0,1.0
P1,1081.7,0.0001,,1.0,1.0
P1,1081.8,0.0001,,1.0,1.0
P1,1081.9,0.0001,,1.0,1.0
P1,1082.0,0.0001,,1.0,1.0
P1,1082.1,0.0001,,1.0,1.0
P1,1082.2,0.0001,,1.0,1.0
P1,1082.3,0.0001,,1.0,1.0
P1,1082.4,0.0001,,1.0,1.0
P1,1082.5,0.0001,,1.0,1.0
P1,1082.6,0.0001,,1.0,1.0
P1,1082.7,0.0001,,1.0,1.0
P1,1082.8,0.0001,,1.0,1.0
P1,1082.9,0.0001,,1.0,1.0
P1,1083.0,0.0001,,1.0,1.0
P1,1083.1,0.0001,,1.0,1.0
P1,1083.2,0.0001,,1.0,1.0
P1,1083.3,0.0001,,1.0,1.0
P1,1083.4,0.0001,,1.0,1.0
P1,1083.5,0.0001,,1.0,1.0
P1,1083.6,0.0001,,1.0,1.0
P1,1083.7,0.0001,,1.0,1.0
P1,1083.8,0.0001,,1.0,1.0
P1,1083.9,0.0001,,1.0,1.0
P1,1084.0,0.0001,,1.0,1.0
P1,1084.1,0.0001,,1.0,1.0
P1,1084.2,0.0001,,1.0,1.0
P1,1084.3,0.0001,,1.0,1.0
P1,1084.4,0.0001,,1.0,1.0
P1,1084.5,0.0001,,1.0,1.0
P1,1084.6,0.0001,,1.0,1.0
P1,1084.7,0.0001,,1.0,1.0
P1,1084.8,0.0001,,1.0,1.0
P1,1084.9,0.0001,,1.0,1.0
P1,1085.0,0.0001,,1.0,0.9822
P1,1085.6,0.0004,,1.0,0.847
P1,1085.7,0.0001,,1.0,0.9183
P1,1085.8,0.0004,,1.0,0.8491
P1,1086.8,0.0097,,1.0,0.7040000000000001
P1,1086.9,0.006,,1.0,0.7306
P1,1087.0,0.0089,,1.0,0.7086
P1,1088.0,0.0071,,1.0,0.7215
P1,1088.1,0.0003,,1.0,0.8674
P1,1088.2,0.0001,,1.0,0.9369
P1,1088.3,0.0001,,1.0,0.8938
P1,1088.4,0.0008,,1.0,0.8251
P1,1088.5,0.0011,,1.0,0.8093
P1,1088.6,0.0001,,1.0,0.93
P1,1088.7,0.0001,,1.0,1.0
P1,1088.8,0.0001,,1.0,1.0
P1,1088.9,0.0011,,1.0,0.8097
P1,1090.1,0.0008,,1.0,0.8211
P1,1090.2,0.0002,,1.0,0.8811
P1,1090.3,0.0004,,1.0,0.8546
P1,1090.4,0.0003,,1.0,0.8602
P1,1090.5,0.0087,,1.0,0.7101
P1,1092.6,0.0002,,1.0,0.8695
P1,1092.7,0.0001,,1.0,0.9497
P1,1092.8,0.0001,,1.0,1.0
P1,1092.9,0.0001,,1.0,0.9637
P1,1093.0,0.0003,,1.0,0.8665
P1,1094.3,0.0073,,1.0,0.7196
P1,1094.4,0.0025,,1.0,0.7737
P1,1094.5,0.0018,,1.0,0.7883
P1,1095.2,0.0042,,1.0,0.7485
P1,1095.3,0.0003,,1.0,0.8563
P1,1095.4,0.0001,,1.0,0.9898
P1,1095.5,0.0001,,1.0,0.9958
P1,1095.6,0.0001,,1.0,0.9288
P1,1095.7,0.0001,,1.0,0.9086
P1,1095.8,0.0026,,1.0,0.7722
P1,1097.8,0.0045,,1.0,0.7446
P1,1098.1,0.0009,,1.0,0.8183
P1,1098.2,0.0001,,1.0,1.0
P1,1098.3,0.0001,,1.0,1.0
P1,1098.4,0.0001,,1.0,1.0
P1,1098.5,0.0001,,1.0,0.8932
P1,1098.6,0.0001,,1.0,1.0
P1,1098.7,0.0001,,1.0,1.0
P1,1098.8,0.0001,,1.0,1.0
P1,1098.9,0.0001,,1.0,1.0
P1,1099.0,0.0001,,1.0,1.0
P1,1099.1,0.0001,,1.0,1.0
P1,1099.2,0.0001,,1.0,1.0
P1,1099.3,0.0069,,1.0,0.7224
P1,1101.0,0.0004,,1.0,0.8543
P1,1101.1,0.0001,,1.0,0.9574
P1,1101.2,0.0001,,1.0,0.9628
P1,1101.3,0.0001,,1.0,1.0
P1,1101.4,0.0001,,1.0,1.0
P1,1101.5,0.0001,,1.0,0.9909
P1,1101.6,0.0001,,1.0,1.0
P1,1101.7,0.0001,,1.0,1.0
P1,1101.8,0.0001,,1.0,0.9601
P1,1101.9,0.0016,,1.0,0.7931
P1,1102.0,0.0021,,1.0,0.782
P1,1102.1,0.0001,,1.0,0.9942
P1,1102.2,0.0001,,1.0,1.0
P1,1102.3,0.0001,,1.0,1.0
P1,1102.4,0.0001,,1.0,1.0
P1,1102.5,0.0001,,1.0,1.0
P1,1102.6,0.0005,,1.0,0.8394
P1,1102.7,0.0079,,1.0,0.7156
P1,1104.4,0.0001,,1.0,0.9504
P1,1104.5,0.0001,,1.0,0.9748
P1,1105.2,0.0005,,1.0,0.8425
P1,1105.3,0.0001,,1.0,0.9868
P1,1105.4,0.0001,,1.0,0.9121
P1,1105.5,0.0001,,1.0,0.9185
P1,1105.6,0.0003,,1.0,0.861
P1,1105.7,0.0021,,1.0,0.7809
P1,1105.8,0.0045,,1.0,0.7456
P1,1105.9,0.0026,,1.0,0.7721
P1,1106.0,0.0001,,1.0,1.0
P1,1106.1,0.0001,,1.0,1.0
P1,1106.2,0.0001,,1.0,1.0
P1,1106.3,0.0001,,1.0,1.0
P1,1106.4,0.0001,,1.0,1.0
P1,1106.5,0.0001,,1.0,1.0
P1,1106.6,0.0001,,1.0,1.0
P1,1106.7,0.0001,,1.0,1.0
P1,1106.8,0.0001,,1.0,1.0
P1,1106.9,0.0001,,1.0,1.0
P1,1107.0,0.0001,,1.0,1.0
P1,1107.1,0.0001,,1.0,0.9023
P1,1107.2,0.0072,,1.0,0.7207
P1,1108.0,0.0005,,1.0,0.8454
P1,1108.1,0.0001,,1.0,1.0
P1,1108.2,0.0001,,1.0,1.0
P1,1108.3,0.0001,,1.0,0.9645
P1,1108.4,0.0001,,1.0,0.953
P1,1108.5,0.0001,,1.0,0.9175
P1,1108.6,0.0008,,1.0,0.8229
P1,1109.9,0.0004,,1.0,0.8497
P1,1110.0,0.0001,,1.0,0.995
P1,1110.1,0.0001,,1.0,1.0
P1,1110.2,0.0001,,1.0,0.9676
P1,1110.3,0.0001,,1.0,0.9573
P1,1110.4,0.0001,,1.0,0.9053
P1,1110.5,0.0007,,1.0,0.8315
P1,1110.9,0.0011,,1.0,0.8088
P1,1111.6,0.0059,,1.0,0.7315
P1,1111.7,0.0001,,1.0,1.0
P1,1111.8,0.0001,,1.0,1.0
P1,1111.9,0.0001,,1.0,1.0
P1,1112.0,0.0001,,1.0,1.0
P1,1112.1,0.0001,,1.0,1.0
P1,1112.2,0.0025,,1.0,0.7742
P1,1116.3,0.0001,,1.0,0.9402
P1,1116.4,0.0001,,1.0,1.0
P1,1116.5,0.0007,,1.0,0.8282
P1,1116.6,0.0006,,1.0,0.8322
P1,1118.6,0.0075,,1.0,0.7182
P1,1118.7,0.0038,,1.0,0.7541
P1,1118.8,0.0096,,1.0,0.7046
P1,1119.5,0.0003,,1.0,0.8616
P1,1119.6,0.0001,,1.0,0.9384
P1,1119.7,0.0028,,1.0,0.7689
P1,1119.8,0.0003,,1.0,0.8603
P1,1119.9,0.0001,,1.0,0.9735
P1,1120.0,0.0006,,1.0,0.8326
P1,1120.2,0.005,,1.0,0.74
P1,1120.3,0.0011,,1.0,0.8099
P1,1120.4,0.0007,,1.0,0.8269
P1,1120.5,0.0038,,1.0,0.7532
P1,1122.2,0.0014,,1.0,0.8002
P1,1122.3,0.0001,,1.0,1.0
P1,1122.4,0.0001,,1.0,0.8877
P1,1123.8,0.0079,,1.0,0.7153
P1,1123.9,0.0001,,1.0,0.9039
P1,1124.0,0.0004,,1.0,0.8486
P1,1124.1,0.0065,,1.0,0.7259
P1,1125.9,0.0019,,1.0,0.7867
P1,1126.0,0.0001,,1.0,1.0
P1,1126.1,0.0001,,1.0,0.9752
P1,1128.6,0.0028,,1.0,0.7688
P1,1128.7,0.0008,,1.0,0.8258
P1,1128.8,0.0001,,1.0,0.9258
P1,1128.9,0.0001,,1.0,0.9374
P1,1129.0,0.0002,,1.0,0.8778
P1,1130.0,0.0008,,1.0,0.8251
P1,1130.1,0.0003,,1.0,0.8571
P1,1130.3,0.0086,,1.0,0.7104
P1,1131.3,0.0004,,1.0,0.8486
P1,1136.3,0.0008,,1.0,0.8223
P1,1136.5,0.0068,,1.0,0.7234
P1,1136.6,0.0001,,1.0,0.9201
P1,1136.7,0.0001,,1.0,0.9162
P1,1136.8,0.0054,,1.0,0.7354
P1,1136.9,0.0033,,1.0,0.7608
P1,1137.1,0.009000000000000001,,1.0,0.7079
P1,1137.2,0.0001,,1.0,0.9134
P1,1137.3,0.0001,,1.0,0.9934
P1,1137.4,0.0013,,1.0,0.804
P1,1139.6,0.005,,1.0,0.7401
P1,1147.5,0.0024,,1.0,0.7759999999999999
P1,1147.6,0.0042,,1.0,0.7482
P1,1147.7,0.0049,,1.0,0.7405
P1,1147.8,0.0001,,1.0,1.0
P1,1147.9,0.0001,,1.0,1.0
P1,1148.0,0.0002,,1.0,0.8717
P1,1149.8,0.0045,,1.0,0.7448
P1,1149.9,0.0069,,1.0,0.7225
P1,1150.3,0.0034,,1.0,0.7594
P1,1150.4,0.0003,,1.0,0.8674
P1,1150.5,0.0064,,1.0,0.7266
P1,1151.9,0.0009,,1.0,0.8208
P1,1152.0,0.0003,,1.0,0.8671
P1,1152.1,0.0001,,1.0,0.8865
P1,1152.2,0.0001,,1.0,0.9792
P1,1152.3,0.0001,,1.0,0.9612
P1,1152.4,0.0002,,1.0,0.878
P1,1152.5,0.004,,1.0,0.7514
P1,1152.6,0.0001,,1.0,0.925
P1,1152.7,0.0001,,1.0,0.9227
P1,1152.8,0.0005,,1.0,0.8437
P1,1153.7,0.0003,,1.0,0.8655
P1,1153.8,0.0001,,1.0,0.8959
P1,1153.9,0.0018,,1.0,0.7887
P1,1154.7,0.006999999999999999,,1.0,0.7219
P1,1154.8,0.0068,,1.0,0.7235
P1,1156.3,0.0001,,1.0,0.9257
P1,1156.4,0.0001,,1.0,0.9959
P1,1158.1,0.006999999999999999,,1.0,0.7221
P1,1158.2,0.0008,,1.0,0.8243
P1,1158.3,0.0001,,1.0,0.8914
P1,1158.4,0.0011,,1.0,0.8091
P1,1158.7,0.0064,,1.0,0.7267
P1,1158.8,0.0016,,1.0,0.7928
P1,1158.9,0.0017,,1.0,0.7926
P1,1160.4,0.0015,,1.0,0.7973
P1,1160.5,0.0001,,1.0,1.0
P1,1160.6,0.0001,,1.0,1.0
P1,1160.7,0.0001,,1.0,0.9139
P1,1160.8,0.003,,1.0,0.7654
P1,1160.9,0.0025,,1.0,0.7736
P1,1161.3,0.0002,,1.0,0.8742
P1,1161.4,0.0007,,1.0,0.8313
P1,1161.5,0.0001,,1.0,0.9596
P1,1161.6,0.0001,,1.0,1.0
P1,1161.7,0.0001,,1.0,1.0
P1,1161.8,0.0001,,1.0,1.0
P1,1161.9,0.0066,,1.0,0.7248
P1,1163.9,0.0004,,1.0,0.8548
P1,1164.0,0.001,,1.0,0.8124
P1,1164.6,0.0064,,1.0,0.7266
P1,1164.7,0.0008,,1.0,0.8241
P1,1164.8,0.0001,,1.0,1.0
P1,1164.9,0.0001,,1.0,1.0
P1,1165.0,0.0001,,1.0,1.0
P1,1165.1,0.0007,,1.0,0.8270000000000001
P1,1165.2,0.0002,,1.0,0.8797
P1,1165.3,0.0001,,1.0,0.9431
P1,1165.4,0.0002,,1.0,0.8823
P1,1165.5,0.0019,,1.0,0.7872
P1,1167.5,0.0099,,1.0,0.703
P1,1167.6,0.0074,,1.0,0.7190000000000001
P1,1167.7,0.0024,,1.0,0.7757
P1,1167.8,0.0003,,1.0,0.8605
P1,1167.9,0.0004,,1.0,0.8513
P1,1168.1,0.0069,,1.0,0.7229
P1,1168.2,0.0001,,1.0,0.9323
P1,1168.3,0.0001,,1.0,0.9717
P1,1168.4,0.0003,,1.0,0.8628
P1,1170.5,0.0001,,1.0,1.0
P1,1170.6,0.0001,,1.0,1.0
P1,1170.7,0.0001,,1.0,1.0
P1,1170.8,0.0001,,1.0,1.0
P1,1170.9,0.0001,,1.0,1.0
P1,1171.0,0.0001,,1.0,1.0
P1,1171.1,0.0001,,1.0,1.0
P1,1171.2,0.0023,,1.0,0.7768
P1,1172.6,0.0003,,1.0,0.8573
P1,1172.7,0.0001,,1.0,1.0
P1,1172.8,0.0001,,1.0,1.0
P1,1172.9,0.0001,,1.0,1.0
P1,1173.0,0.0001,,1.0,1.0
P1,1173.1,0.0001,,1.0,1.0
P1,1173.2,0.0001,,1.0,1.0
P1,1173.3,0.0001,,1.0,0.9916
P1,1173.4,0.0004,,1.0,0.8548
P1,1173.5,0.0044,,1.0,0.7458
P1,1173.8,0.0027,,1.0,0.7705
P1,1173.9,0.0001,,1.0,0.893
P1,1174.0,0.0001,,1.0,1.0
P1,1174.1,0.0001,,1.0,1.0
P1,1174.2,0.0001,,1.0,1.0
P1,1174.3,0.0001,,1.0,1.0
P1,1174.4,0.0001,,1.0,1.0
P1,1174.5,0.0001,,1.0,1.0
P1,1174.6,0.0001,,1.0,1.0
P1,1174.7,0.0001,,1.0,1.0
P1,1174.8,0.0001,,1.0,1.0
P1,1174.9,0.0001,,1.0,1.0
P1,1175.0,0.0001,,1.0,0.8864
P1,1177.5,0.0071,,1.0,0.7216
P1,1177.6,0.0001,,1.0,0.9863
P1,1177.7,0.0001,,1.0,1.0
P1,1177.8,0.0001,,1.0,1.0
P1,1177.9,0.0001,,1.0,1.0
P1,1178.0,0.0001,,1.0,0.9756
P1,1178.1,0.0004,,1.0,0.85
P1,1178.2,0.001,,1.0,0.8147
P1,1178.3,0.0001,,1.0,0.9041
P1,1178.4,0.0001,,1.0,0.9824
P1,1178.5,0.0001,,1.0,0.9529
P1,1178.6,0.0001,,1.0,0.9235
P1,1178.7,0.0002,,1.0,0.8761
P1,1178.8,0.0005,,1.0,0.8404
P1,1178.9,0.0001,,1.0,0.9307
P1,1179.0,0.0001,,1.0,1.0
P1,1179.1,0.0001,,1.0,1.0
P1,1179.2,0.0001,,1.0,1.0
P1,1179.3,0.0001,,1.0,1.0
P1,1179.4,0.0001,,1.0,1.0
P1,1179.5,0.0001,,1.0,1.0
P1,1179.6,0.0001,,1.0,1.0
P1,1179.7,0.0001,,1.0,1.0
P1,1179.8,0.0001,,1.0,1.0
P1,1179.9,0.0001,,1.0,1.0
P1,1180.0,0.0001,,1.0,1.0
P1,1180.1,0.0001,,1.0,1.0
P1,1180.2,0.0001,,1.0,1.0
P1,1180.3,0.0001,,1.0,1.0
P1,1180.4,0.0001,,1.0,1.0
P1,1180.5,0.0001,,1.0,1.0
P1,1180.6,0.0001,,1.0,1.0
P1,1180.7,0.0001,,1.0,1.0
P1,1180.8,0.0001,,1.0,1.0
P1,1180.9,0.0001,,1.0,1.0
P1,1181.0,0.0001,,1.0,1.0
P1,1181.1,0.0001,,1.0,1.0
P1,1181.2,0.0001,,1.0,1.0
P1,1181.3,0.0001,,1.0,1.0
P1,1181.4,0.0001,,1.0,1.0
P1,1181.5,0.0001,,1.0,1.0
P1,1181.6,0.0001,,1.0,1.0
P1,1181.7,0.0001,,1.0,1.0
P1,1181.8,0.0001,,1.0,1.0
P1,1181.9,0.0001,,1.0,1.0
P1,1182.0,0.0001,,1.0,1.0
P1,1182.1,0.0001,,1.0,1.0
P1,1182.2,0.0001,,1.0,1.0
P2,1024.3,0.0001,,1.0,0.9896
P2,1024.4,0.0001,,1.0,1.0
P2,1024.5,0.0001,,1.0,1.0
P2,1024.6,0.0001,,1.0,1.0
P2,1024.7,0.0001,,1.0,1.0
P2,1024.8,0.0001,,1.0,1.0
P2,1024.9,0.0001,,1.0,1.0
P2,1025.0,0.0004,,1.0,0.8566
P2,1025.6,0.0038,,1.0,0.7598
P2,1025.7,0.0001,,1.0,0.9534
P2,1025.8,0.0001,,1.0,1.0
P2,1025.9,0.0001,,1.0,1.0
P2,1026.0,0.0001,,1.0,0.9851
P2,1026.1,0.0001,,1.0,0.9264
P2,1026.2,0.0001,,1.0,0.9331
P2,1026.3,0.0001,,1.0,0.8925
P2,1026.4,0.0001,,1.0,1.0
P2,1026.5,0.0001,,1.0,1.0
P2,1026.6,0.0001,,1.0,1.0
P2,1026.7,0.0002,,1.0,0.8811
P2,1026.8,0.0017,,1.0,0.7973
P2,1026.9,0.0057,,1.0,0.7401
P2,1028.4,0.0021,,1.0,0.7881
P2,1028.5,0.0004,,1.0,0.8552
P2,1028.6,0.0041,,1.0,0.7562
P2,1029.0,0.0031,,1.0,0.7707
P2,1029.1,0.0028,,1.0,0.7747
P2,1029.2,0.0032,,1.0,0.7687
P2,1029.3,0.0055,,1.0,0.742
P2,1029.4,0.0041,,1.0,0.7566
P2,1029.5,0.0066,,1.0,0.7325
P2,1031.2,0.0034,,1.0,0.7659999999999999
P2,1031.3,0.0005,,1.0,0.8516
P2,1031.4,0.0031,,1.0,0.77
P2,1037.2,0.0049,,1.0,0.7477
P2,1037.3,0.0019,,1.0,0.7929999999999999
P2,1037.4,0.0086,,1.0,0.7183
P2,1038.2,0.0041,,1.0,0.7564
P2,1038.3,0.0022,,1.0,0.787
P2,1038.4,0.0095,,1.0,0.7128
P2,1039.6,0.0086,,1.0,0.7185
P2,1039.7,0.0003,,1.0,0.8661
P2,1039.8,0.0001,,1.0,0.961
P2,1039.9,0.0005,,1.0,0.8516
P2,1040.0,0.0042,,1.0,0.7557
P2,1040.1,0.003,,1.0,0.7715
P2,1040.6,0.0004,,1.0,0.8542
P2,1040.7,0.0001,,1.0,0.8954
P2,1040.8,0.0001,,1.0,0.9144
P2,1040.9,0.0001,,1.0,1.0
P2,1041.0,0.0001,,1.0,0.9646
P2,1041.1,0.0004,,1.0,0.8596
P2,1041.2,0.0032,,1.0,0.7686
P2,1041.7,0.0035,,1.0,0.7647
P2,1041.8,0.0003,,1.0,0.8721
P2,1041.9,0.0001,,1.0,0.9417
P2,1042.0,0.0001,,1.0,0.9777
P2,1042.1,0.0001,,1.0,1.0
P2,1042.2,0.0001,,1.0,1.0
P2,1042.3,0.0001,,1.0,1.0
P2,1042.4,0.0001,,1.0,1.0
P2,1042.5,0.0001,,1.0,1.0
P2,1042.6,0.0001,,1.0,1.0
P2,1042.7,0.0001,,1.0,0.9159
P2,1042.8,0.0086,,1.0,0.7184
P2,1043.9,0.0025,,1.0,0.7796
P2,1044.0,0.0063,,1.0,0.7349
P2,1045.1,0.0014,,1.0,0.8051
P2,1045.2,0.0001,,1.0,0.9158
P2,1045.3,0.0001,,1.0,0.9106
P2,1045.4,0.0028,,1.0,0.7744
P2,1045.6,0.0027,,1.0,0.7759999999999999
P2,1045.7,0.0001,,1.0,0.9866
P2,1045.8,0.0001,,1.0,1.0
P2,1045.9,0.0001,,1.0,1.0
P2,1046.0,0.0001,,1.0,1.0
P2,1046.1,0.0001,,1.0,1.0
P2,1046.2,0.0001,,1.0,1.0
P2,1046.3,0.0001,,1.0,1.0
P2,1046.4,0.0001,,1.0,1.0
P2,1046.5,0.0001,,1.0,0.9669
P2,1046.6,0.0069,,1.0,0.7305
P2,1051.7,0.0013,,1.0,0.8108
P2,1051.8,0.0003,,1.0,0.8664
P2,1051.9,0.0001,,1.0,0.9189
P2,1052.0,0.0001,,1.0,0.8996
P2,1052.1,0.0008,,1.0,0.8282
P2,1059.7,0.0084,,1.0,0.7195
P2,1059.8,0.0007,,1.0,0.8325
P2,1059.9,0.0003,,1.0,0.8655
P2,1060.0,0.0016,,1.0,0.7989
P2,1060.1,0.0008,,1.0,0.8307
P2,1060.2,0.0001,,1.0,1.0
P2,1060.3,0.0001,,1.0,1.0
P2,1060.4,0.0001,,1.0,1.0
P2,1060.5,0.001,,1.0,0.8213
P2,1060.6,0.0057,,1.0,0.7403
P2,1061.7,0.0096,,1.0,0.7124
P2,1061.8,0.0047,,1.0,0.7498
P2,1061.9,0.0044,,1.0,0.7529
P2,1062.0,0.0068,,1.0,0.7309
P2,1064.0,0.005,,1.0,0.7466
P2,1064.1,0.0088,,1.0,0.7169
P2,1064.6,0.0001,,1.0,0.8946
P2,1064.7,0.0001,,1.0,1.0
P2,1064.8,0.0001,,1.0,0.9903
P2,1064.9,0.0002,,1.0,0.8784
P2,1065.7,0.0066,,1.0,0.7327
P2,1067.0,0.0081,,1.0,0.7214
P2,1067.1,0.0013,,1.0,0.8094
P2,1067.2,0.0004,,1.0,0.8555
P2,1067.3,0.0002,,1.0,0.8817
P2,1067.4,0.0001,,1.0,0.9281
P2,1067.5,0.0001,,1.0,1.0
P2,1067.6,0.0001,,1.0,0.9498
P2,1067.7,0.0003,,1.0,0.8612
P2,1067.8,0.0073,,1.0,0.7274
P2,1068.4,0.0089,,1.0,0.7163
P2,1068.5,0.0074,,1.0,0.7264
P2,1068.6,0.0031,,1.0,0.7709
P2,1068.7,0.0039,,1.0,0.759
P2,1068.8,0.0079,,1.0,0.7233
P2,1070.0,0.0054,,1.0,0.7429
P2,1070.1,0.0005,,1.0,0.8444
P2,1070.2,0.001,,1.0,0.8212
P2,1070.3,0.0017,,1.0,0.7985
P2,1070.4,0.0074,,1.0,0.7267
P2,1071.1,0.0011,,1.0,0.8153
P2,1071.2,0.0001,,1.0,0.9008
P2,1071.3,0.0001,,1.0,0.9046
P2,1071.4,0.0011,,1.0,0.8178
P2,1071.5,0.0015,,1.0,0.8025
P2,1071.6,0.0024,,1.0,0.7825
P2,1071.7,0.0039,,1.0,0.7594
P2,1071.8,0.0099,,1.0,0.7105
P2,1072.9,0.0028,,1.0,0.7754
P2,1073.0,0.0002,,1.0,0.877
P2,1073.1,0.0001,,1.0,0.9123
P2,1073.2,0.0001,,1.0,0.9105
P2,1073.3,0.0001,,1.0,0.935
P2,1073.4,0.0001,,1.0,0.8914
P2,1073.5,0.0041,,1.0,0.7563
P2,1073.6,0.0082,,1.0,0.7212
P2,1073.7,0.0084,,1.0,0.72
P2,1076.9,0.0032,,1.0,0.7684
P2,1077.0,0.0044,,1.0,0.7536
P2,1078.2,0.0092,,1.0,0.715
P2,1078.3,0.0078,,1.0,0.7237
P2,1078.4,0.0005,,1.0,0.847
P2,1078.5,0.0001,,1.0,0.9215
P2,1078.6,0.0005,,1.0,0.8464
P2,1080.3,0.0082,,1.0,0.7212
P2,1080.4,0.005,,1.0,0.7472
P2,1083.9,0.0057,,1.0,0.7403
P2,1084.1,0.0022,,1.0,0.7854
P2,1084.2,0.0001,,1.0,0.9692
P2,1084.3,0.0001,,1.0,0.9689
P2,1084.4,0.0001,,1.0,0.8928
P2,1084.5,0.0001,,1.0,0.912
P2,1084.6,0.0009,,1.0,0.8261
P2,1084.7,0.0068,,1.0,0.7307
P2,1085.2,0.0049,,1.0,0.7481
P2,1085.3,0.0026,,1.0,0.7779
P2,1085.4,0.0051,,1.0,0.7462
P2,1085.5,0.0037,,1.0,0.7612
P2,1085.6,0.0083,,1.0,0.7203
P2,1085.7,0.0023,,1.0,0.7842
P2,1085.8,0.0014,,1.0,0.8059
P2,1085.9,0.0026,,1.0,0.7775
P2,1086.0,0.0047,,1.0,0.7503
P2,1086.1,0.0011,,1.0,0.8153
P2,1086.2,0.0001,,1.0,0.9271
P2,1086.3,0.0002,,1.0,0.8842
P2,1086.4,0.0008,,1.0,0.8315
P2,1086.5,0.0001,,1.0,0.9122
P2,1086.6,0.0001,,1.0,1.0
P2,1086.7,0.0001,,1.0,0.9433
P2,1086.8,0.0041,,1.0,0.7561
P2,1086.9,0.0098,,1.0,0.7114
P2,1087.0,0.0063,,1.0,0.7349
P2,1087.1,0.0047,,1.0,0.7501
P2,1087.2,0.0023,,1.0,0.7846
P2,1087.3,0.0017,,1.0,0.7987
P2,1087.4,0.002,,1.0,0.7898
P2,1087.5,0.0011,,1.0,0.8149
P2,1087.6,0.0013,,1.0,0.8093
P2,1087.7,0.0008,,1.0,0.8269
P2,1087.8,0.0005,,1.0,0.8474
P2,1087.9,0.0004,,1.0,0.8599
P2,1088.0,0.0002,,1.0,0.8742
P2,1088.1,0.0001,,1.0,0.8945
P2,1088.2,0.0001,,1.0,0.9082
P2,1088.3,0.0001,,1.0,0.9283
P2,1088.4,0.0001,,1.0,0.9322
P2,1088.5,0.0001,,1.0,0.9359
P2,1088.6,0.0001,,1.0,0.9420000000000001
P2,1088.7,0.0001,,1.0,0.9442
P2,1088.8,0.0001,,1.0,0.9433
P2,1088.9,0.0001,,1.0,0.9458
P2,1089.0,0.0001,,1.0,0.9009999999999999
P2,1089.1,0.0014,,1.0,0.8069
P2,1089.2,0.0036,,1.0,0.7632
P2,1089.3,0.0019,,1.0,0.7925
P2,1089.4,0.0016,,1.0,0.7995
P2,1089.5,0.0004,,1.0,0.8542
P2,1089.6,0.0001,,1.0,0.9509
P2,1089.7,0.0001,,1.0,1.0
P2,1089.8,0.0001,,1.0,1.0
P2,1089.9,0.0001,,1.0,1.0
P2,1090.0,0.0001,,1.0,1.0
P2,1090.1,0.0001,,1.0,1.0
P2,1090.2,0.0001,,1.0,1.0
P2,1090.3,0.0001,,1.0,1.0
P2,1090.4,0.0001,,1.0,0.9956
P2,1090.5,0.0001,,1.0,1.0
P2,1090.6,0.0001,,1.0,1.0
P2,1090.7,0.0001,,1.0,1.0
P2,1090.8,0.0001,,1.0,1.0
P2,1090.9,0.0001,,1.0,1.0
P2,1091.0,0.0001,,1.0,1.0
P2,1091.1,0.0001,,1.0,1.0
P2,1091.2,0.0001,,1.0,1.0
P2,1091.3,0.0001,,1.0,1.0
P2,1091.4,0.0001,,1.0,1.0
P2,1091.5,0.0001,,1.0,1.0
P2,1091.6,0.0001,,1.0,1.0
P2,1091.7,0.0001,,1.0,1.0
P2,1091.8,0.0001,,1.0,1.0
P2,1091.9,0.0001,,1.0,1.0
P2,1092.0,0.0001,,1.0,1.0
P2,1092.1,0.0001,,1.0,1.0
P2,1092.2,0.0001,,1.0,1.0
P2,1092.3,0.0001,,1.0,1.0
P2,1092.4,0.0001,,1.0,1.0
P2,1092.5,0.0001,,1.0,0.9914
P2,1092.6,0.0001,,1.0,0.9157
P2,1092.7,0.0001,,1.0,0.8785
P2,1092.8,0.0065,,1.0,0.7337
P2,1093.7,0.0001,,1.0,0.9046
P2,1093.8,0.002,,1.0,0.7899
P2,1093.9,0.0058,,1.0,0.7396
P2,1094.3,0.0063,,1.0,0.7351
P2,1094.4,0.003,,1.0,0.7718
P2,1094.5,0.0012,,1.0,0.8122
P2,1094.6,0.003,,1.0,0.7718
P2,1094.7,0.0014,,1.0,0.8056
P2,1094.9,0.0004,,1.0,0.852
P2,1095.6,0.0001,,1.0,0.6414
P2,1095.7,0.0001,,1.0,0.8941
P2,1095.8,0.0001,,1.0,0.9007
P2,1095.9,0.0001,,1.0,1.0
P2,1096.0,0.0001,,1.0,0.8915
P2,1096.1,0.0002,,1.0,0.8777
P2,1096.2,0.0001,,1.0,1.0
P2,1096.3,0.0001,,1.0,0.9147
P2,1096.4,0.0005,,1.0,0.8474
P2,1096.5,0.0001,,1.0,1.0
P2,1096.6,0.0001,,1.0,1.0
P2,1096.7,0.0001,,1.0,1.0
P2,1096.8,0.0001,,1.0,1.0
P2,1096.9,0.0001,,1.0,1.0
P2,1097.0,0.0001,,1.0,1.0
P2,1097.1,0.0001,,1.0,1.0
P2,1097.2,0.0001,,1.0,1.0
P2,1097.3,0.0024,,1.0,0.7828
P2,1098.4,0.0099,,1.0,0.6888
P2,1098.5,0.0026,,1.0,0.779
P2,1098.6,0.0004,,1.0,0.8549
P2,1098.7,0.0003,,1.0,0.8715
P2,1098.8,0.0011,,1.0,0.8145
P2,1098.9,0.0057,,1.0,0.7403
P2,1099.7,0.0001,,1.0,0.8933
P2,1099.8,0.0001,,1.0,1.0
P2,1099.9,0.0001,,1.0,1.0
P2,1100.0,0.0001,,1.0,1.0
P2,1100.1,0.0001,,1.0,0.9740000000000001
P2,1100.2,0.0001,,1.0,0.9363
P2,1100.3,0.0002,,1.0,0.8747
P2,1100.9,0.0024,,1.0,0.7813
P2,1101.0,0.0034,,1.0,0.7659999999999999
P2,1101.1,0.0008,,1.0,0.831
P2,1101.2,0.0001,,1.0,1.0
P2,1101.3,0.0001,,1.0,1.0
P2,1101.4,0.0001,,1.0,1.0
P2,1101.5,0.0001,,1.0,1.0
P2,1101.6,0.0001,,1.0,1.0
P2,1101.7,0.0001,,1.0,1.0
P2,1101.8,0.0001,,1.0,1.0
P2,1101.9,0.0001,,1.0,0.9702
P2,1102.0,0.0001,,1.0,0.904
P2,1102.1,0.0023,,1.0,0.7845
P2,1102.9,0.0001,,1.0,0.5329
P2,1103.0,0.0001,,1.0,0.743
P2,1103.1,0.0001,,1.0,0.8888
P2,1103.2,0.0001,,1.0,0.991
P2,1103.3,0.0001,,1.0,0.9087
P2,1103.4,0.0001,,1.0,0.8984
P2,1103.5,0.0001,,1.0,0.9072
P2,1103.6,0.0001,,1.0,1.0
P2,1103.7,0.0001,,1.0,0.9889
P2,1103.8,0.0001,,1.0,0.9887
P2,1103.9,0.0011,,1.0,0.8165
P2,1104.1,0.002,,1.0,0.7901
P2,1104.2,0.0003,,1.0,0.8716
P2,1104.3,0.006,,1.0,0.7377
P2,1104.9,0.0001,,1.0,0.9674
P2,1105.0,0.0001,,1.0,1.0
P2,1105.1,0.0001,,1.0,1.0
P2,1105.2,0.0001,,1.0,1.0
P2,1105.3,0.0001,,1.0,1.0
P2,1105.4,0.0001,,1.0,1.0
P2,1105.5,0.0001,,1.0,1.0
P2,1105.6,0.0001,,1.0,0.9192
P2,1107.1,0.0043,,1.0,0.6426
P2,1107.2,0.0058,,1.0,0.7389
P2,1107.3,0.0075,,1.0,0.726
P2,1108.1,0.0019,,1.0,0.7925
P2,1108.2,0.0005,,1.0,0.8518
P2,1109.6,0.0004,,1.0,0.8599
P2,1109.7,0.0001,,1.0,1.0
P2,1109.8,0.0001,,1.0,1.0
P2,1109.9,0.0001,,1.0,1.0
P2,1110.0,0.0001,,1.0,0.9905
P2,1110.1,0.0001,,1.0,0.9554
P2,1110.2,0.0001,,1.0,0.9862
P2,1112.0,0.0002,,1.0,0.8847
P2,1112.1,0.0001,,1.0,0.997
P2,1112.2,0.0001,,1.0,0.9066
P2,1112.4,0.0001,,1.0,0.9165
P2,1112.5,0.0005,,1.0,0.8518
P2,1112.9,0.0002,,1.0,0.8833
P2,1113.0,0.0001,,1.0,1.0
P2,1113.1,0.0001,,1.0,1.0
P2,1113.2,0.0003,,1.0,0.8637
P2,1113.3,0.0001,,1.0,0.997
P2,1113.4,0.0001,,1.0,1.0
P2,1113.5,0.0001,,1.0,0.9709
P2,1113.6,0.0025,,1.0,0.7795
P2,1113.7,0.0004,,1.0,0.856
P2,1113.8,0.0001,,1.0,0.9606
P2,1113.9,0.0001,,1.0,1.0
P2,1114.0,0.0001,,1.0,1.0
P2,1114.1,0.0011,,1.0,0.8154
P2,1115.1,0.0057,,1.0,0.7397
P2,1115.2,0.0015,,1.0,0.8022
P2,1115.3,0.0014,,1.0,0.8061
P2,1115.4,0.0001,,1.0,0.9185
P2,1115.5,0.0051,,1.0,0.7462
P2,1115.7,0.0001,,1.0,0.9509
P2,1115.8,0.0001,,1.0,1.0
P2,1115.9,0.0001,,1.0,1.0
P2,1116.0,0.0005,,1.0,0.846
P2,1117.2,0.0012,,1.0,0.8139
P2,1117.3,0.0001,,1.0,1.0
P2,1117.4,0.0001,,1.0,1.0
P2,1117.5,0.0001,,1.0,0.9628
P2,1117.6,0.0021,,1.0,0.7881
P2,1118.3,0.0024,,1.0,0.7824
P2,1118.4,0.0003,,1.0,0.865
P2,1118.5,0.0002,,1.0,0.8859999999999999
P2,1118.6,0.0001,,1.0,0.9006
P2,1118.7,0.0001,,1.0,0.9146
P2,1118.8,0.0016,,1.0,0.8002
P2,1118.9,0.0069,,1.0,0.7303
P2,1122.3,0.0079,,1.0,0.7231
P2,1122.4,0.0002,,1.0,0.8786
P2,1122.5,0.0001,,1.0,0.9399
P2,1122.6,0.0001,,1.0,0.9151
P2,1122.7,0.0001,,1.0,1.0
P2,1122.8,0.0001,,1.0,1.0
P2,1122.9,0.0001,,1.0,1.0
P2,1123.0,0.0013,,1.0,0.8082
P2,1124.0,0.0074,,1.0,0.7262
P2,1124.1,0.0039,,1.0,0.7596
P2,1124.4,0.0086,,1.0,0.7185
P2,1125.2,0.0067,,1.0,0.7316
P2,1125.3,0.0001,,1.0,0.9078
P2,1125.4,0.0001,,1.0,1.0
P2,1125.5,0.0001,,1.0,0.915
P2,1125.6,0.0031,,1.0,0.7697
P2,1128.8,0.0074,,1.0,0.7267
P2,1128.9,0.0072,,1.0,0.728
P2,1131.1,0.0009,,1.0,0.8258
P2,1131.2,0.0001,,1.0,1.0
P2,1131.3,0.0001,,1.0,0.8915
P2,1131.4,0.0014,,1.0,0.8074
P2,1131.5,0.0001,,1.0,0.927
P2,1131.6,0.0008,,1.0,0.8301
P2,1131.7,0.0001,,1.0,0.9173
P2,1131.8,0.0001,,1.0,1.0
P2,1131.9,0.0001,,1.0,1.0
P2,1132.0,0.0001,,1.0,1.0
P2,1132.1,0.0018,,1.0,0.7959
P2,1134.1,0.0061,,1.0,0.7367
P2,1134.2,0.0001,,1.0,0.9581
P2,1134.3,0.0001,,1.0,0.9787
P2,1134.4,0.0001,,1.0,0.9599
P2,1134.5,0.0001,,1.0,0.9229
P2,1135.3,0.0094,,1.0,0.7135
P2,1136.3,0.0036,,1.0,0.7635
P2,1136.4,0.0001,,1.0,0.9254
P2,1136.5,0.0001,,1.0,1.0
P2,1136.6,0.0001,,1.0,0.9457
P2,1136.7,0.0054,,1.0,0.7431
P2,1139.3,0.0079,,1.0,0.7113
P2,1139.4,0.0003,,1.0,0.8725
P2,1139.5,0.0014,,1.0,0.8049
P2,1139.6,0.0001,,1.0,0.9228
P2,1139.7,0.0001,,1.0,0.8982
P2,1139.8,0.0001,,1.0,0.9736
P2,1139.9,0.0001,,1.0,1.0
P2,1140.0,0.0011,,1.0,0.8157
P2,1141.2,0.0001,,1.0,0.9342
P2,1141.3,0.0001,,1.0,1.0
P2,1141.4,0.0001,,1.0,1.0
P2,1141.5,0.0001,,1.0,1.0
P2,1141.6,0.0001,,1.0,0.9771
P2,1141.7,0.0007,,1.0,0.8371
P2,1141.8,0.0001,,1.0,0.9545
P2,1141.9,0.0001,,1.0,1.0
P2,1142.0,0.0001,,1.0,1.0
P2,1142.1,0.0001,,1.0,1.0
P2,1142.2,0.0002,,1.0,0.8892
P2,1142.4,0.0001,,1.0,1.0
P2,1142.5,0.0001,,1.0,1.0
P2,1142.6,0.0001,,1.0,1.0
P2,1142.7,0.0008,,1.0,0.8303
P2,1143.0,0.0013,,1.0,0.8083
P2,1143.1,0.0026,,1.0,0.7781
P2,1143.4,0.0001,,1.0,0.9981
P2,1143.5,0.0003,,1.0,0.8667
P2,1144.6,0.0001,,1.0,0.8696
P2,1144.7,0.0001,,1.0,1.0
P2,1144.8,0.0001,,1.0,1.0
P2,1144.9,0.0001,,1.0,1.0
P2,1145.0,0.0002,,1.0,0.8805
P2,1145.8,0.0001,,1.0,0.9794
P2,1145.9,0.0001,,1.0,0.9805
P2,1146.0,0.0016,,1.0,0.8013
P2,1146.5,0.0003,,1.0,0.8662
P2,1146.6,0.0001,,1.0,0.9268
P2,1146.7,0.0007,,1.0,0.8359
P2,1146.8,0.0009,,1.0,0.8258
P2,1147.4,0.0001,,1.0,0.8979
P2,1147.5,0.0001,,1.0,1.0
P2,1147.6,0.0001,,1.0,1.0
P2,1147.7,0.0001,,1.0,1.0
P2,1147.8,0.0001,,1.0,1.0
P2,1147.9,0.0001,,1.0,1.0
P2,1148.0,0.0003,,1.0,0.8716
P2,1148.2,0.0048,,1.0,0.7489
P2,1149.1,0.0012,,1.0,0.8141
P2,1149.8,0.0093,,1.0,0.7143
P2,1149.9,0.0007,,1.0,0.8357
P2,1150.0,0.0001,,1.0,1.0
P2,1150.1,0.0001,,1.0,1.0
P2,1150.2,0.0001,,1.0,1.0
P2,1150.3,0.0001,,1.0,1.0
P2,1150.4,0.0001,,1.0,0.9812
P2,1150.5,0.0021,,1.0,0.7879
P2,1150.6,0.0031,,1.0,0.7701
P2,1150.7,0.0011,,1.0,0.8151
P2,1150.8,0.0003,,1.0,0.8707
P2,1150.9,0.0006,,1.0,0.8399
P2,1151.0,0.0004,,1.0,0.8586
P2,1151.1,0.0004,,1.0,0.8571
P2,1151.2,0.0001,,1.0,0.8985
P2,1151.3,0.0001,,1.0,0.9518
P2,1151.4,0.0001,,1.0,0.9559
P2,1151.5,0.0001,,1.0,0.9099
P2,1151.6,0.0007,,1.0,0.8323
P2,1151.7,0.0057,,1.0,0.7405
P2,1151.8,0.0087,,1.0,0.7181
P2,1151.9,0.009000000000000001,,1.0,0.7157
P2,1152.0,0.0014,,1.0,0.8065
P2,1152.1,0.0005,,1.0,0.8446
P2,1152.2,0.0002,,1.0,0.882
P2,1152.3,0.0001,,1.0,0.9322
P2,1152.4,0.0001,,1.0,1.0
P2,1152.5,0.0001,,1.0,1.0
P2,1152.6,0.0001,,1.0,1.0
P2,1152.7,0.0001,,1.0,0.9889
P2,1152.8,0.0001,,1.0,1.0
P2,1152.9,0.0001,,1.0,1.0
P2,1153.0,0.0001,,1.0,1.0
P2,1153.1,0.0001,,1.0,1.0
P2,1153.2,0.0001,,1.0,1.0
P2,1153.3,0.0002,,1.0,0.8747
P2,1153.4,0.0001,,1.0,0.9618
P2,1153.5,0.0003,,1.0,0.8665
P2,1153.6,0.0002,,1.0,0.8876
P2,1153.7,0.0001,,1.0,0.935
P2,1153.8,0.0001,,1.0,1.0
P2,1153.9,0.0001,,1.0,0.9922
P2,1154.0,0.0001,,1.0,0.9026
P2,1154.1,0.0007,,1.0,0.8367
P2,1154.2,0.0008,,1.0,0.8319
P2,1154.3,0.0017,,1.0,0.7965
P2,1154.4,0.0004,,1.0,0.8545
P2,1154.5,0.0001,,1.0,1.0
P2,1154.6,0.0001,,1.0,1.0
P2,1154.7,0.0001,,1.0,1.0
P2,1154.8,0.0001,,1.0,0.963
P2,1154.9,0.0001,,1.0,0.9137
P2,1155.0,0.0001,,1.0,0.9601
P2,1155.1,0.0001,,1.0,0.9286
P2,1155.2,0.0001,,1.0,1.0
P2,1155.3,0.0001,,1.0,1.0
P2,1155.4,0.0001,,1.0,1.0
P2,1155.5,0.0001,,1.0,1.0
P2,1155.6,0.0001,,1.0,1.0
P2,1155.7,0.0001,,1.0,0.9772
P2,1155.8,0.0082,,1.0,0.7212
P3,926.8,0.0001,,1.0,1.0
P3,926.9,0.0001,,1.0,1.0
P3,927.0,0.0001,,1.0,1.0
P3,927.1,0.0001,,1.0,1.0
P3,927.2,0.0001,,1.0,1.0
P3,927.3,0.0001,,1.0,1.0
P3,927.4,0.0001,,1.0,0.9843
P3,927.5,0.0001,,1.0,0.9843
P3,927.6,0.0001,,1.0,1.0
P3,927.7,0.0001,,1.0,1.0
P3,927.8,0.0001,,1.0,0.9049
P3,927.9,0.0016,,1.0,0.8
P3,928.0,0.0044,,1.0,0.7535
P3,928.6,0.0041,,1.0,0.7569
P3,928.7,0.0015,,1.0,0.804
P3,929.2,0.0056,,1.0,0.7413
P3,929.3,0.0087,,1.0,0.7179
P3,930.1,0.0047,,1.0,0.7502
P3,930.2,0.0099,,1.0,0.7105
P3,930.9,0.0009,,1.0,0.8240000000000001
P3,931.0,0.0042,,1.0,0.7558
P3,933.6,0.0056,,1.0,0.7413
P3,933.7,0.0019,,1.0,0.7924
P3,936.2,0.0017,,1.0,0.7988
P3,936.3,0.0084,,1.0,0.72
P3,937.0,0.0064,,1.0,0.7338
P3,937.1,0.0027,,1.0,0.7774
P3,937.5,0.0069,,1.0,0.73
P3,938.6,0.0012,,1.0,0.8143
P3,938.7,0.0002,,1.0,0.8868
P3,938.8,0.0099,,1.0,0.7105
P3,939.4,0.0056,,1.0,0.7413
P3,939.5,0.0003,,1.0,0.8637
P3,939.6,0.0006,,1.0,0.8421
P3,939.7,0.0003,,1.0,0.8655
P3,939.8,0.0001,,1.0,0.8993
P3,939.9,0.0001,,1.0,0.9926
P3,940.0,0.0002,,1.0,0.8775
P3,940.1,0.0023,,1.0,0.7845
P3,940.2,0.001,,1.0,0.8215
P3,940.3,0.0031,,1.0,0.7698
P3,940.6,0.0006,,1.0,0.8413
P3,940.7,0.0001,,1.0,0.9520000000000001
P3,940.8,0.0001,,1.0,1.0
P3,940.9,0.0001,,1.0,1.0
P3,941.0,0.0001,,1.0,1.0
P3,941.1,0.0001,,1.0,1.0
P3,941.2,0.0001,,1.0,1.0
P3,941.3,0.0001,,1.0,1.0
P3,941.4,0.0001,,1.0,1.0
P3,941.5,0.0001,,1.0,1.0
P3,941.6,0.0001,,1.0,1.0
P3,941.7,0.0005,,1.0,0.8481
P3,941.8,0.0008,,1.0,0.8274
P3,941.9,0.0002,,1.0,0.8829
P3,942.0,0.0001,,1.0,0.9549
P3,942.1,0.0004,,1.0,0.8607
P3,942.7,0.0059,,1.0,0.7384
P3,942.8,0.0001,,1.0,0.9016
P3,942.9,0.0005,,1.0,0.8476
P3,943.0,0.0057,,1.0,0.7402
P3,943.3,0.0006,,1.0,0.8395
P3,943.4,0.0002,,1.0,0.8876
P3,943.5,0.0001,,1.0,0.9331
P3,943.6,0.0001,,1.0,0.9738
P3,943.7,0.0001,,1.0,0.9999
P3,943.8,0.0001,,1.0,0.9913
P3,943.9,0.0001,,1.0,1.0
P3,944.0,0.0001,,1.0,1.0
P3,944.1,0.0001,,1.0,1.0
P3,944.2,0.0001,,1.0,1.0
P3,944.3,0.0001,,1.0,1.0
P3,944.4,0.0001,,1.0,1.0
P3,944.5,0.0001,,1.0,1.0
P3,944.6,0.0001,,1.0,1.0
P3,944.7,0.0001,,1.0,1.0
P3,944.8,0.0001,,1.0,1.0
P3,944.9,0.0001,,1.0,1.0
P3,945.0,0.0001,,1.0,1.0
P3,945.1,0.0001,,1.0,1.0
P3,945.2,0.0001,,1.0,1.0
P3,945.3,0.0001,,1.0,1.0
P3,945.4,0.0026,,1.0,0.7791
P3,945.5,0.0019,,1.0,0.7928
P3,945.6,0.0018,,1.0,0.7951
P3,945.7,0.0064,,1.0,0.7340000000000001
P3,950.2,0.0019,,1.0,0.7922
P3,950.3,0.0014,,1.0,0.8067
P3,950.4,0.0021,,1.0,0.7881
P3,953.1,0.002,,1.0,0.7899
P3,953.2,0.0009,,1.0,0.8240000000000001
P3,953.3,0.002,,1.0,0.7906
P3,954.4,0.0078,,1.0,0.7236
P3,954.5,0.0014,,1.0,0.8075
P3,954.6,0.0002,,1.0,0.8863
P3,954.7,0.0002,,1.0,0.8849
P3,954.8,0.0005,,1.0,0.8483
P3,954.9,0.0094,,1.0,0.7133
P3,955.6,0.008,,1.0,0.7226
P3,955.7,0.0002,,1.0,0.8855
P3,955.8,0.0001,,1.0,0.93
P3,955.9,0.0001,,1.0,0.9453
P3,956.0,0.0008,,1.0,0.8295
P3,956.1,0.0059,,1.0,0.7386
P3,956.7,0.0042,,1.0,0.7555
P3,957.7,0.0034,,1.0,0.7659999999999999
P3,957.8,0.0006,,1.0,0.8393
P3,957.9,0.0003,,1.0,0.8618
P3,958.0,0.0001,,1.0,0.9262
P3,958.1,0.0001,,1.0,0.9996
P3,958.2,0.0001,,1.0,1.0
P3,958.3,0.0001,,1.0,1.0
P3,958.4,0.0001,,1.0,1.0
P3,958.5,0.0001,,1.0,1.0
P3,958.6,0.0001,,1.0,1.0
P3,958.7,0.0001,,1.0,1.0
P3,958.8,0.0001,,1.0,0.9123
P3,958.9,0.0005,,1.0,0.8490000000000001
P3,959.0,0.002,,1.0,0.7914
P3,959.1,0.0036,,1.0,0.7635
P3,959.8,0.002,,1.0,0.7897
P3,959.9,0.0011,,1.0,0.8157
P3,960.0,0.0007,,1.0,0.8339
P3,960.1,0.0007,,1.0,0.8341
P3,960.2,0.0007,,1.0,0.8373
P3,960.3,0.0015,,1.0,0.8035
P3,960.4,0.0022,,1.0,0.7858
P3,960.5,0.0035,,1.0,0.7647
P3,963.5,0.0071,,1.0,0.7290000000000001
P3,964.5,0.0036,,1.0,0.7625
P3,964.6,0.0014,,1.0,0.8052
P3,964.7,0.0003,,1.0,0.87
P3,964.8,0.0005,,1.0,0.8455
P3,964.9,0.003,,1.0,0.7714
P3,966.1,0.005,,1.0,0.7471
P3,966.2,0.001,,1.0,0.8199
P3,966.3,0.0003,,1.0,0.8673
P3,966.4,0.0003,,1.0,0.8666
P3,966.5,0.0004,,1.0,0.8558
P3,966.6,0.0025,,1.0,0.7806
P3,966.7,0.0086,,1.0,0.7185
P3,968.6,0.0037,,1.0,0.7622
P3,968.7,0.001,,1.0,0.8221
P3,968.8,0.0003,,1.0,0.862
P3,968.9,0.0006,,1.0,0.8416
P3,969.0,0.0012,,1.0,0.8109999999999999
P3,969.1,0.0082,,1.0,0.7211
P3,969.6,0.0041,,1.0,0.757
P3,969.7,0.0034,,1.0,0.7654
P3,969.8,0.0038,,1.0,0.7599
P3,970.8,0.0032,,1.0,0.7683
P3,970.9,0.0013,,1.0,0.8103
P3,971.0,0.0007,,1.0,0.8363
P3,971.1,0.0001,,1.0,0.8974
P3,971.2,0.0001,,1.0,0.968
P3,971.3,0.0001,,1.0,1.0
P3,971.4,0.0001,,1.0,1.0
P3,971.5,0.0001,,1.0,1.0
P3,971.6,0.0001,,1.0,0.9663
P3,971.7,0.0001,,1.0,0.8956
P3,971.8,0.0004,,1.0,0.8592
P3,971.9,0.0006,,1.0,0.8431
P3,972.0,0.0003,,1.0,0.8703
P3,972.1,0.0001,,1.0,0.9454
P3,972.2,0.0001,,1.0,1.0
P3,972.3,0.0001,,1.0,1.0
P3,972.4,0.0001,,1.0,0.9909
P3,972.5,0.0001,,1.0,0.9353
P3,972.6,0.0004,,1.0,0.8519
P3,972.7,0.0029,,1.0,0.7731
P3,972.8,0.0076,,1.0,0.7253
P3,972.9,0.0057,,1.0,0.7401
P3,973.0,0.0051,,1.0,0.7461
P3,973.1,0.0031,,1.0,0.7702
P3,973.2,0.0021,,1.0,0.7888
P3,973.3,0.0007,,1.0,0.833
P3,973.4,0.0004,,1.0,0.8547
P3,973.5,0.0001,,1.0,0.8909
P3,973.6,0.0001,,1.0,0.9242
P3,973.7,0.0001,,1.0,0.9533
P3,973.8,0.0001,,1.0,0.9438
P3,973.9,0.0001,,1.0,0.9063
P3,974.0,0.0004,,1.0,0.8568
P3,974.1,0.0012,,1.0,0.8124
P3,974.2,0.0025,,1.0,0.7805
P3,974.3,0.0037,,1.0,0.7613
P3,974.4,0.0037,,1.0,0.7612
P3,974.5,0.0028,,1.0,0.7741
P3,974.6,0.0009,,1.0,0.7843
P3,974.7,0.0019,,1.0,0.7851
P3,974.8,0.0023,,1.0,0.784
P3,974.9,0.0018,,1.0,0.794
P3,975.0,0.0016,,1.0,0.8001
P3,975.1,0.002,,1.0,0.7896
P3,975.2,0.004,,1.0,0.7581
P3,975.3,0.0088,,1.0,0.7174
P3,975.7,0.0047,,1.0,0.75
P3,975.8,0.0041,,1.0,0.7568
P3,975.9,0.0044,,1.0,0.7534
P3,978.9,0.0033,,1.0,0.7678
P3,979.0,0.0005,,1.0,0.8482
P3,979.1,0.0001,,1.0,0.9046
P3,979.2,0.0001,,1.0,0.9702
P3,979.3,0.0001,,1.0,1.0
P3,979.4,0.0001,,1.0,0.9775
P3,979.5,0.0002,,1.0,0.8766
P3,979.6,0.003,,1.0,0.7721
P3,983.7,0.0071,,1.0,0.7285
P3,983.8,0.0054,,1.0,0.7432
P3,983.9,0.0059,,1.0,0.7388
P3,985.0,0.0066,,1.0,0.6997
P3,985.1,0.0001,,1.0,0.7864
P3,985.2,0.0013,,1.0,0.8103
P3,985.3,0.0004,,1.0,0.8546
P3,985.4,0.0003,,1.0,0.8716
P3,985.5,0.0002,,1.0,0.8903
P3,985.6,0.0001,,1.0,0.9263
P3,985.7,0.0001,,1.0,0.9869
P3,985.8,0.0001,,1.0,1.0
P3,985.9,0.0001,,1.0,1.0
P3,986.0,0.0001,,1.0,1.0
P3,986.1,0.0001,,1.0,1.0
P3,986.2,0.0001,,1.0,1.0
P3,986.3,0.0001,,1.0,1.0
P3,986.4,0.0001,,1.0,1.0
P3,986.5,0.0001,,1.0,1.0
P3,986.6,0.0001,,1.0,1.0
P3,986.7,0.0001,,1.0,1.0
P3,986.8,0.0001,,1.0,1.0
P3,986.9,0.0001,,1.0,1.0
P3,987.0,0.0001,,1.0,1.0
P3,987.1,0.0001,,1.0,1.0
P3,987.2,0.0001,,1.0,1.0
P3,987.3,0.0001,,1.0,1.0
P3,987.4,0.0001,,1.0,1.0
P3,987.5,0.0001,,1.0,1.0
P3,987.6,0.0001,,1.0,1.0
P3,987.7,0.0001,,1.0,1.0
P3,987.8,0.0001,,1.0,1.0
P3,987.9,0.0001,,1.0,1.0
P3,988.0,0.0001,,1.0,1.0
P3,988.1,0.0001,,1.0,1.0
P3,988.2,0.0001,,1.0,1.0
P3,988.3,0.0001,,1.0,1.0
P3,988.4,0.0001,,1.0,1.0
P3,988.5,0.0001,,1.0,1.0
P3,988.6,0.0001,,1.0,1.0
P3,988.7,0.0001,,1.0,1.0
P3,988.8,0.0001,,1.0,1.0
P3,988.9,0.0001,,1.0,1.0
P3,989.0,0.0001,,1.0,1.0
P3,989.1,0.0001,,1.0,1.0
P3,989.2,0.0001,,1.0,1.0
P3,989.3,0.0001,,1.0,1.0
P3,989.4,0.0001,,1.0,1.0
P3,989.5,0.0001,,1.0,1.0
P3,989.6,0.0001,,1.0,1.0
P3,989.7,0.0001,,1.0,1.0
P3,989.8,0.0001,,1.0,1.0
P3,989.9,0.0001,,1.0,1.0
P3,990.0,0.0001,,1.0,1.0
P3,990.1,0.0001,,1.0,1.0
P3,990.2,0.0001,,1.0,1.0
P3,990.3,0.0001,,1.0,1.0
P3,990.4,0.0001,,1.0,1.0
P3,990.5,0.0001,,1.0,1.0
P3,990.6,0.0001,,1.0,1.0
P3,990.7,0.0001,,1.0,1.0
P3,990.8,0.0001,,1.0,1.0
P3,990.9,0.0001,,1.0,1.0
P3,991.0,0.0001,,1.0,1.0
P3,991.1,0.0001,,1.0,1.0
P3,991.2,0.0001,,1.0,1.0
P3,991.3,0.0001,,1.0,1.0
P3,991.4,0.0001,,1.0,1.0
P3,991.5,0.0001,,1.0,1.0
P3,991.6,0.0001,,1.0,1.0
P3,991.7,0.0001,,1.0,1.0
P3,991.8,0.0001,,1.0,1.0
P3,991.9,0.0001,,1.0,1.0
P3,992.0,0.0001,,1.0,1.0
P3,992.1,0.0001,,1.0,1.0
P3,992.2,0.0001,,1.0,1.0
P3,992.3,0.0001,,1.0,1.0
P3,992.4,0.0001,,1.0,1.0
P3,992.5,0.0001,,1.0,0.8457
P3,992.9,0.0001,,1.0,0.851
P3,993.0,0.0001,,1.0,1.0
P3,993.1,0.0001,,1.0,1.0
P3,993.2,0.0001,,1.0,1.0
P3,993.3,0.0001,,1.0,1.0
P3,993.4,0.0001,,1.0,1.0
P3,993.5,0.0001,,1.0,1.0
P3,993.6,0.0001,,1.0,1.0
P3,993.7,0.0001,,1.0,1.0
P3,993.8,0.0001,,1.0,1.0
P3,993.9,0.0001,,1.0,1.0
P3,994.0,0.0001,,1.0,1.0
P3,994.1,0.0001,,1.0,1.0
P3,994.2,0.0001,,1.0,1.0
P3,994.3,0.0001,,1.0,1.0
P3,994.4,0.0001,,1.0,1.0
P3,994.5,0.0001,,1.0,1.0
P3,994.6,0.0001,,1.0,1.0
P3,994.7,0.0001,,1.0,1.0
P3,994.8,0.0001,,1.0,1.0
P3,994.9,0.0001,,1.0,1.0
P3,995.0,0.0001,,1.0,1.0
P3,995.1,0.0001,,1.0,1.0
P3,995.2,0.0001,,1.0,1.0
P3,995.3,0.0001,,1.0,1.0
P3,995.4,0.0001,,1.0,1.0
P3,995.5,0.0001,,1.0,1.0
P3,995.6,0.0001,,1.0,1.0
P3,995.7,0.0001,,1.0,1.0
P3,995.8,0.0001,,1.0,1.0
P3,995.9,0.0001,,1.0,1.0
P3,996.0,0.0001,,1.0,1.0
P3,996.1,0.0001,,1.0,1.0
P3,996.2,0.0005,,1.0,0.8459
P3,996.3,0.0016,,1.0,0.8009
P3,997.0,0.0011,,1.0,0.8158
P3,997.1,0.0001,,1.0,0.9832
P3,997.2,0.0001,,1.0,0.955
P3,997.3,0.0002,,1.0,0.8746
P3,997.4,0.0007,,1.0,0.8349
P3,997.5,0.0008,,1.0,0.8309
P3,998.7,0.0001,,1.0,0.6934
P3,998.8,0.0001,,1.0,0.8661
P3,998.9,0.0001,,1.0,1.0
P3,999.0,0.0001,,1.0,0.9905
P3,999.1,0.0001,,1.0,0.9078
P3,999.2,0.0008,,1.0,0.8274
P3,999.3,0.004,,1.0,0.7574
P3,999.6,0.0091,,1.0,0.7156
P3,999.7,0.0068,,1.0,0.7308
P3,1000.3,0.0001,,1.0,0.9327
P3,1000.4,0.0001,,1.0,1.0
P3,1000.5,0.0001,,1.0,1.0
P3,1000.6,0.0001,,1.0,1.0
P3,1000.7,0.0001,,1.0,1.0
P3,1000.8,0.0001,,1.0,0.9701
P3,1000.9,0.0032,,1.0,0.7679
P3,1003.1,0.0014,,1.0,0.8072
P3,1003.2,0.0012,,1.0,0.8142
P3,1004.7,0.0033,,1.0,0.7672
P3,1004.8,0.0008,,1.0,0.8311
P3,1004.9,0.0001,,1.0,0.956
P3,1005.0,0.0024,,1.0,0.7824
P3,1005.1,0.0034,,1.0,0.7652
P3,1005.2,0.002,,1.0,0.7909
P3,1006.8,0.0038,,1.0,0.7602
P3,1006.9,0.0024,,1.0,0.7822
P3,1007.0,0.0098,,1.0,0.711
P3,1007.1,0.0093,,1.0,0.7141
P3,1007.5,0.0051,,1.0,0.7459
P3,1007.6,0.001,,1.0,0.8222
P3,1007.7,0.0005,,1.0,0.8517
P3,1007.8,0.006999999999999999,,1.0,0.7297
P3,1007.9,0.001,,1.0,0.8188
P3,1008.0,0.0001,,1.0,0.9257
P3,1008.1,0.0014,,1.0,0.8074
P3,1008.3,0.0014,,1.0,0.8054
P3,1008.4,0.0045,,1.0,0.7519
P3,1010.2,0.0075,,1.0,0.7258
P3,1010.3,0.0001,,1.0,0.9043
P3,1010.4,0.0017,,1.0,0.7969
P3,1011.7,0.0034,,1.0,0.7663
P3,1011.8,0.0004,,1.0,0.8563
P3,1011.9,0.0024,,1.0,0.7817
P3,1012.7,0.0066,,1.0,0.7328
P3,1012.8,0.0006,,1.0,0.8427
P3,1012.9,0.0001,,1.0,0.9252
P3,1013.0,0.0001,,1.0,1.0
P3,1013.1,0.0001,,1.0,1.0
P3,1013.2,0.0006,,1.0,0.8418
P3,1013.6,0.0001,,1.0,0.9837
P3,1013.7,0.0001,,1.0,1.0
P3,1013.8,0.0007,,1.0,0.8359
P3,1016.1,0.0007,,1.0,0.8324
P3,1016.2,0.0004,,1.0,0.8590000000000001
P3,1016.3,0.0011,,1.0,0.8170000000000001
P3,1016.4,0.0001,,1.0,0.9204
P3,1016.5,0.0001,,1.0,0.9829
P3,1016.6,0.0003,,1.0,0.8708
P3,1017.5,0.0081,,1.0,0.7218
P3,1017.6,0.0007,,1.0,0.8356
P3,1017.7,0.0016,,1.0,0.799
P3,1017.9,0.0023,,1.0,0.7843
P3,1018.8,0.0082,,1.0,0.7212
P3,1018.9,0.0001,,1.0,0.9156
P3,1019.0,0.0005,,1.0,0.8453
P3,1021.9,0.0064,,1.0,0.7344
P3,1022.0,0.0005,,1.0,0.8498
P3,1022.1,0.0056,,1.0,0.7413
P3,1023.8,0.0039,,1.0,0.759
P3,1023.9,0.0042,,1.0,0.7554
P3,1024.0,0.0083,,1.0,0.7204
P3,1024.8,0.0011,,1.0,0.815
P3,1024.9,0.0016,,1.0,0.8
P3,1025.1,0.0042,,1.0,0.7558
P3,1025.4,0.0021,,1.0,0.7873
P3,1025.5,0.0009,,1.0,0.8245
P3,1025.6,0.0005,,1.0,0.8468
P3,1027.7,0.0072,,1.0,0.7279
P3,1028.1,0.0094,,1.0,0.7137
P3,1028.2,0.0045,,1.0,0.7526
P3,1031.3,0.0046,,1.0,0.7512
P3,1031.4,0.0011,,1.0,0.8162
P3,1034.6,0.0012,,1.0,0.8118
P3,1034.7,0.0022,,1.0,0.7869
P3,1034.8,0.0013,,1.0,0.8102
P3,1034.9,0.0001,,1.0,0.9447
P3,1035.0,0.0006,,1.0,0.8385
P3,1037.1,0.0019,,1.0,0.792
P3,1037.2,0.0031,,1.0,0.7696
P3,1038.7,0.0087,,1.0,0.7178
P3,1038.8,0.0084,,1.0,0.7196
P3,1038.9,0.0001,,1.0,0.9225
P3,1039.0,0.0008,,1.0,0.8288
P3,1039.1,0.0005,,1.0,0.8497
P3,1039.2,0.0005,,1.0,0.8445
P3,1039.3,0.004,,1.0,0.7573
P3,1040.1,0.0074,,1.0,0.7265
P3,1040.2,0.0002,,1.0,0.8848
P3,1040.3,0.0002,,1.0,0.8756
P3,1040.4,0.0001,,1.0,0.9501
P3,1040.5,0.0001,,1.0,0.9061
P3,1041.1,0.0032,,1.0,0.7686
P3,1041.2,0.0003,,1.0,0.8683
P3,1041.3,0.0011,,1.0,0.8161
P3,1041.4,0.0086,,1.0,0.7183
P3,1043.8,0.0051,,1.0,0.7461
P3,1044.5,0.0088,,1.0,0.6039
P3,1044.7,0.0001,,1.0,0.8881
P3,1044.8,0.0001,,1.0,1.0
P3,1044.9,0.0001,,1.0,1.0
P3,1045.0,0.0001,,1.0,1.0
P3,1045.1,0.0001,,1.0,1.0
P3,1045.2,0.0001,,1.0,1.0
P3,1045.3,0.0001,,1.0,1.0
P3,1045.4,0.0001,,1.0,1.0
P3,1045.5,0.0001,,1.0,1.0
P3,1045.6,0.0001,,1.0,1.0
P3,1045.7,0.0001,,1.0,1.0
P3,1045.8,0.0001,,1.0,1.0
P3,1045.9,0.0001,,1.0,1.0
P3,1046.0,0.0001,,1.0,1.0
P3,1046.1,0.0001,,1.0,1.0
P3,1046.2,0.0001,,1.0,1.0
P3,1046.3,0.0001,,1.0,1.0
P3,1046.4,0.0001,,1.0,1.0
P3,1046.5,0.0001,,1.0,1.0
P3,1046.6,0.0001,,1.0,1.0
P3,1046.7,0.0001,,1.0,1.0
P3,1046.8,0.0001,,1.0,1.0
P3,1046.9,0.0001,,1.0,1.0
P3,1047.0,0.0001,,1.0,1.0
P3,1047.1,0.0001,,1.0,1.0
P3,1047.2,0.0001,,1.0,1.0
P3,1047.3,0.0001,,1.0,1.0
P3,1047.4,0.0001,,1.0,1.0
P3,1047.5,0.0001,,1.0,1.0
P3,1047.6,0.0001,,1.0,1.0
P3,1047.7,0.0001,,1.0,1.0
P3,1047.8,0.0001,,1.0,1.0
P3,1047.9,0.0001,,1.0,1.0
P3,1048.0,0.0001,,1.0,1.0
P3,1048.1,0.0001,,1.0,1.0
P3,1048.2,0.0001,,1.0,1.0
P3,1048.3,0.0001,,1.0,0.9784
P3,1048.4,0.0001,,1.0,0.9919
P3,1048.5,0.0001,,1.0,1.0
P3,1048.6,0.0001,,1.0,1.0
P3,1048.7,0.0001,,1.0,1.0
P3,1048.8,0.0001,,1.0,1.0
P3,1048.9,0.0001,,1.0,1.0
P3,1049.0,0.0001,,1.0,1.0
P3,1049.1,0.0001,,1.0,1.0
P3,1049.2,0.0001,,1.0,1.0
P3,1049.3,0.0001,,1.0,1.0
P3,1049.4,0.0001,,1.0,1.0
P3,1049.5,0.0001,,1.0,1.0
P3,1049.6,0.0001,,1.0,1.0
P3,1049.7,0.0001,,1.0,1.0
P3,1049.8,0.0001,,1.0,1.0
P3,1049.9,0.0001,,1.0,1.0
P3,1050.0,0.0001,,1.0,1.0
P3,1050.1,0.0001,,1.0,1.0
P3,1050.2,0.0001,,1.0,1.0
P3,1050.3,0.0001,,1.0,1.0
P3,1050.4,0.0001,,1.0,1.0
P3,1050.5,0.0001,,1.0,1.0
P3,1050.6,0.0001,,1.0,1.0
P3,1050.7,0.0001,,1.0,1.0
P3,1050.8,0.0001,,1.0,1.0
P3,1050.9,0.0001,,1.0,0.9539
P3,1051.0,0.0001,,1.0,1.0
P3,1051.1,0.0001,,1.0,1.0
P3,1051.2,0.0001,,1.0,1.0
P3,1051.3,0.0001,,1.0,1.0
P3,1051.4,0.0001,,1.0,1.0
P3,1051.5,0.0001,,1.0,1.0
P3,1051.6,0.0001,,1.0,1.0
P3,1051.7,0.0001,,1.0,1.0
P3,1051.8,0.0001,,1.0,1.0
P3,1051.9,0.0001,,1.0,0.9344
P3,1052.0,0.0001,,1.0,0.9747
P3,1052.1,0.0001,,1.0,1.0
P3,1052.2,0.0001,,1.0,1.0
P3,1052.3,0.0001,,1.0,1.0
P3,1052.4,0.0001,,1.0,1.0
P3,1052.5,0.0001,,1.0,1.0
P3,1052.6,0.0001,,1.0,1.0
P3,1052.7,0.0001,,1.0,1.0
P3,1052.8,0.0001,,1.0,1.0
P3,1052.9,0.0001,,1.0,1.0
P3,1053.0,0.0001,,1.0,1.0
P3,1053.1,0.0001,,1.0,1.0
P3,1053.2,0.0001,,1.0,1.0
P3,1053.3,0.0001,,1.0,1.0
P3,1053.4,0.0001,,1.0,1.0
P3,1053.5,0.0001,,1.0,1.0
P3,1053.6,0.0001,,1.0,1.0
P3,1053.7,0.0001,,1.0,1.0
P3,1053.8,0.0001,,1.0,1.0
P3,1053.9,0.0001,,1.0,1.0
P3,1054.0,0.0001,,1.0,1.0
P3,1054.1,0.0001,,1.0,1.0
P3,1054.2,0.0001,,1.0,1.0
P3,1054.3,0.0001,,1.0,1.0
P3,1054.4,0.0001,,1.0,1.0
P3,1054.5,0.0001,,1.0,1.0
P3,1054.6,0.0001,,1.0,1.0
P3,1054.7,0.0001,,1.0,1.0
P3,1054.8,0.0001,,1.0,1.0
P3,1054.9,0.0001,,1.0,1.0
P3,1055.0,0.0001,,1.0,1.0
P3,1055.1,0.0001,,1.0,1.0
P3,1055.2,0.0001,,1.0,1.0
P3,1055.3,0.0001,,1.0,1.0
P3,1055.4,0.0001,,1.0,1.0
P3,1055.5,0.0001,,1.0,1.0
P3,1055.6,0.0001,,1.0,1.0
P3,1055.7,0.0001,,1.0,1.0
P3,1055.8,0.0001,,1.0,1.0
P3,1055.9,0.0001,,1.0,1.0
P3,1056.0,0.0001,,1.0,1.0
P3,1056.1,0.0001,,1.0,1.0
P3,1056.2,0.0001,,1.0,1.0
P3,1056.3,0.0001,,1.0,1.0
P3,1056.4,0.0001,,1.0,0.9735
P3,1056.5,0.0001,,1.0,0.9672
P3,1056.6,0.0004,,1.0,0.8591
P3,1056.7,0.0047,,1.0,0.7503
P3,1056.8,0.005,,1.0,0.7465
P3,1056.9,0.0008,,1.0,0.8278
P3,1057.0,0.0001,,1.0,1.0
P3,1057.1,0.0001,,1.0,1.0
P3,1057.2,0.0001,,1.0,1.0
P3,1057.3,0.0001,,1.0,1.0
P3,1057.4,0.0001,,1.0,1.0
P3,1057.5,0.0001,,1.0,1.0
P3,1057.6,0.0001,,1.0,1.0
P3,1057.7,0.0001,,1.0,1.0
P3,1057.8,0.0001,,1.0,1.0
P3,1057.9,0.0001,,1.0,1.0
P3,1058.0,0.0001,,1.0,1.0
P3,1058.1,0.0001,,1.0,1.0
P3,1058.2,0.0001,,1.0,1.0
P3,1058.3,0.0001,,1.0,1.0
P3,1058.4,0.0001,,1.0,1.0
P3,1058.5,0.0001,,1.0,1.0
P3,1058.6,0.0001,,1.0,1.0
P3,1058.7,0.0001,,1.0,1.0
P3,1058.8,0.0001,,1.0,1.0
P3,1058.9,0.0001,,1.0,0.9775
P4,1009.1,0.0001,,1.0,1.0
P4,1009.2,0.0001,,1.0,1.0
P4,1009.3,0.0001,,1.0,1.0
P4,1009.4,0.0001,,1.0,1.0
P4,1009.5,0.0001,,1.0,1.0
P4,1009.6,0.0001,,1.0,0.9941
P4,1009.7,0.0001,,1.0,0.9885
P4,1009.8,0.0001,,1.0,1.0
P4,1009.9,0.0001,,1.0,1.0
P4,1010.0,0.0001,,1.0,1.0
P4,1010.1,0.0001,,1.0,1.0
P4,1010.2,0.0001,,1.0,1.0
P4,1010.3,0.0002,,1.0,0.8986
P4,1010.4,0.0012,,1.0,0.8405
P4,1010.5,0.0005,,1.0,0.8753
P4,1010.6,0.0001,,1.0,0.9227
P4,1010.7,0.0004,,1.0,0.8808
P4,1010.8,0.0011,,1.0,0.8436
P4,1010.9,0.0025,,1.0,0.8095
P4,1011.0,0.0055,,1.0,0.7744
P4,1011.2,0.005,,1.0,0.779
P4,1011.3,0.0034,,1.0,0.7959999999999999
P4,1011.4,0.0056,,1.0,0.7736
P4,1012.0,0.0093,,1.0,0.7496
P4,1012.1,0.003,,1.0,0.8014
P4,1012.2,0.0006,,1.0,0.8658
P4,1012.3,0.0001,,1.0,0.9678
P4,1012.4,0.0001,,1.0,0.9915
P4,1012.5,0.0001,,1.0,1.0
P4,1012.6,0.0001,,1.0,1.0
P4,1012.7,0.0001,,1.0,1.0
P4,1012.8,0.0001,,1.0,0.9841
P4,1012.9,0.0094,,1.0,0.7489
P4,1014.6,0.0019,,1.0,0.8203
P4,1015.1,0.0018,,1.0,0.8228
P4,1015.2,0.0001,,1.0,0.9520000000000001
P4,1015.3,0.0001,,1.0,0.9812
P4,1015.4,0.0038,,1.0,0.7914
P4,1016.0,0.0084,,1.0,0.7545
P4,1016.1,0.0015,,1.0,0.8302
P4,1016.2,0.0022,,1.0,0.8157
P4,1016.3,0.0008,,1.0,0.8554
P4,1016.4,0.0069,,1.0,0.7642
P4,1017.0,0.0043,,1.0,0.7858
P4,1017.1,0.0002,,1.0,0.8976
P4,1017.2,0.0006,,1.0,0.8659
P4,1017.3,0.0086,,1.0,0.7531
P4,1017.4,0.0031,,1.0,0.8013
P4,1020.5,0.0029,,1.0,0.8034
P4,1020.6,0.001,,1.0,0.8468
P4,1020.7,0.0006,,1.0,0.8667
P4,1020.8,0.0077,,1.0,0.7586
P4,1021.6,0.0025,,1.0,0.8105
P4,1021.7,0.0001,,1.0,0.9248
P4,1021.8,0.0011,,1.0,0.8446
P4,1021.9,0.0092,,1.0,0.7497
P4,1024.2,0.0058,,1.0,0.7723
P4,1024.3,0.0052,,1.0,0.777
P4,1024.5,0.0081,,1.0,0.7562
P4,1024.6,0.0086,,1.0,0.7533
P4,1024.8,0.0075,,1.0,0.7597
P4,1025.1,0.0076,,1.0,0.7594
P4,1025.3,0.0095,,1.0,0.7483
P4,1025.4,0.0075,,1.0,0.7603
P4,1026.3,0.0048,,1.0,0.7813
P4,1026.4,0.0001,,1.0,0.986
P4,1026.5,0.0001,,1.0,1.0
P4,1026.6,0.0001,,1.0,1.0
P4,1026.7,0.0003,,1.0,0.8861
P4,1026.8,0.006,,1.0,0.7703
P4,1027.4,0.0024,,1.0,0.8112
P4,1027.5,0.0002,,1.0,0.9
P4,1027.6,0.0001,,1.0,0.9435
P4,1027.7,0.0004,,1.0,0.8843
P4,1027.8,0.0004,,1.0,0.8774
P4,1027.9,0.0005,,1.0,0.8718
P4,1028.0,0.0007,,1.0,0.8601
P4,1028.1,0.0019,,1.0,0.8215
P4,1028.2,0.0033,,1.0,0.7976
P4,1028.5,0.003,,1.0,0.8022
P4,1028.6,0.0002,,1.0,0.9074
P4,1028.7,0.0001,,1.0,1.0
P4,1028.8,0.0001,,1.0,1.0
P4,1028.9,0.0001,,1.0,1.0
P4,1029.0,0.0001,,1.0,1.0
P4,1029.1,0.0001,,1.0,1.0
P4,1029.2,0.0001,,1.0,1.0
P4,1029.3,0.0001,,1.0,1.0
P4,1029.4,0.0001,,1.0,1.0
P4,1029.5,0.0001,,1.0,1.0
P4,1029.6,0.0001,,1.0,0.9674
P4,1029.7,0.0001,,1.0,0.9996
P4,1029.8,0.0001,,1.0,0.9928
P4,1029.9,0.0001,,1.0,0.9149
P4,1030.0,0.0044,,1.0,0.7847
P4,1031.5,0.0022,,1.0,0.8156
P4,1031.6,0.0001,,1.0,0.9896
P4,1031.7,0.0001,,1.0,1.0
P4,1031.8,0.0001,,1.0,1.0
P4,1031.9,0.0001,,1.0,1.0
P4,1032.0,0.0001,,1.0,1.0
P4,1032.1,0.0001,,1.0,1.0
P4,1032.2,0.0001,,1.0,1.0
P4,1032.3,0.0001,,1.0,1.0
P4,1032.4,0.0001,,1.0,1.0
P4,1032.5,0.0001,,1.0,1.0
P4,1032.6,0.0001,,1.0,1.0
P4,1032.7,0.0001,,1.0,1.0
P4,1032.8,0.0001,,1.0,1.0
P4,1032.9,0.0001,,1.0,1.0
P4,1033.0,0.0001,,1.0,1.0
P4,1033.1,0.0001,,1.0,1.0
P4,1033.2,0.0001,,1.0,1.0
P4,1033.3,0.0001,,1.0,1.0
P4,1033.4,0.0001,,1.0,0.9635
P4,1033.5,0.0001,,1.0,0.9812
P4,1033.6,0.0002,,1.0,0.9053
P4,1033.7,0.0005,,1.0,0.8734
P4,1033.8,0.0058,,1.0,0.7721
P4,1033.9,0.0094,,1.0,0.7488
P4,1039.0,0.0088,,1.0,0.7523
P4,1041.6,0.0016,,1.0,0.8278
P4,1041.7,0.0008,,1.0,0.8573
P4,1041.8,0.0012,,1.0,0.8414
P4,1041.9,0.0004,,1.0,0.8789
P4,1042.0,0.0012,,1.0,0.8409
P4,1044.3,0.0088,,1.0,0.7524
P4,1044.4,0.0075,,1.0,0.7602
P4,1046.1,0.0007,,1.0,0.8618
P4,1046.2,0.0009,,1.0,0.8529
P4,1046.4,0.0043,,1.0,0.7864
P4,1046.5,0.0022,,1.0,0.8155
P4,1046.6,0.0063,,1.0,0.7684
P4,1046.7,0.0008,,1.0,0.855
P4,1046.8,0.0001,,1.0,1.0
P4,1046.9,0.0001,,1.0,1.0
P4,1047.0,0.0001,,1.0,0.9996
P4,1047.1,0.0009,,1.0,0.8519
P4,1047.2,0.0055,,1.0,0.7747
P4,1047.3,0.0004,,1.0,0.8804
P4,1048.4,0.0013,,1.0,0.836
P4,1048.5,0.0023,,1.0,0.8143
P4,1048.6,0.0001,,1.0,0.9578
P4,1048.7,0.0012,,1.0,0.8397
P4,1048.8,0.003,,1.0,0.8013
P4,1048.9,0.0009,,1.0,0.8519
P4,1049.0,0.0016,,1.0,0.8275
P4,1052.4,0.0085,,1.0,0.754
P4,1052.5,0.0003,,1.0,0.8913
P4,1052.6,0.0001,,1.0,1.0
P4,1052.7,0.0001,,1.0,1.0
P4,1052.8,0.0001,,1.0,1.0
P4,1052.9,0.0001,,1.0,0.9195
P4,1054.1,0.0001,,1.0,0.9386
P4,1054.2,0.0001,,1.0,1.0
P4,1054.3,0.0002,,1.0,0.9019
P4,1054.4,0.0035,,1.0,0.7949
P4,1054.5,0.0068,,1.0,0.7648
P4,1054.6,0.001,,1.0,0.8488
P4,1054.7,0.0001,,1.0,1.0
P4,1054.8,0.0001,,1.0,1.0
P4,1054.9,0.0001,,1.0,1.0
P4,1055.0,0.0001,,1.0,1.0
P4,1055.1,0.0001,,1.0,1.0
P4,1055.2,0.0001,,1.0,1.0
P4,1055.3,0.0001,,1.0,1.0
P4,1055.4,0.0015,,1.0,0.8323
P4,1055.5,0.0002,,1.0,0.8985
P4,1055.6,0.0001,,1.0,0.9297
P4,1055.7,0.0001,,1.0,1.0
P4,1055.8,0.0001,,1.0,1.0
P4,1055.9,0.0001,,1.0,0.9507
P4,1056.0,0.0002,,1.0,0.9117
P4,1056.1,0.0001,,1.0,0.9135
P4,1056.2,0.0003,,1.0,0.8899
P4,1057.0,0.0041,,1.0,0.7884
P4,1057.1,0.0001,,1.0,0.9831
P4,1057.2,0.0001,,1.0,1.0
P4,1057.3,0.0001,,1.0,1.0
P4,1057.4,0.0001,,1.0,1.0
P4,1057.5,0.0001,,1.0,1.0
P4,1057.6,0.0001,,1.0,1.0
P4,1057.7,0.0001,,1.0,1.0
P4,1057.8,0.0001,,1.0,1.0
P4,1057.9,0.0001,,1.0,1.0
P4,1058.0,0.0001,,1.0,1.0
P4,1058.1,0.0001,,1.0,1.0
P4,1058.2,0.0001,,1.0,1.0
P4,1058.3,0.0001,,1.0,1.0
P4,1058.4,0.0001,,1.0,1.0
P4,1058.5,0.0001,,1.0,1.0
P4,1058.6,0.0001,,1.0,1.0
P4,1058.7,0.0001,,1.0,1.0
P4,1058.8,0.0001,,1.0,1.0
P4,1058.9,0.0001,,1.0,1.0
P4,1059.0,0.0001,,1.0,1.0
P4,1059.1,0.0001,,1.0,1.0
P4,1059.2,0.0001,,1.0,1.0
P4,1059.3,0.0001,,1.0,1.0
P4,1059.4,0.0001,,1.0,1.0
P4,1059.5,0.0001,,1.0,1.0
P4,1059.6,0.0001,,1.0,1.0
P4,1059.7,0.0016,,1.0,0.8288
P4,1061.7,0.0073,,1.0,0.7613
P4,1061.8,0.0001,,1.0,0.9301
P4,1061.9,0.0001,,1.0,1.0
P4,1062.0,0.0001,,1.0,1.0
P4,1062.1,0.0003,,1.0,0.8924
P4,1062.2,0.0008,,1.0,0.8556
P4,1062.3,0.0003,,1.0,0.8913
P4,1062.4,0.0001,,1.0,0.9606
P4,1062.5,0.0001,,1.0,1.0
P4,1062.6,0.0001,,1.0,1.0
P4,1062.7,0.0001,,1.0,1.0
P4,1062.8,0.0001,,1.0,1.0
P4,1062.9,0.0001,,1.0,1.0
P4,1063.0,0.0001,,1.0,1.0
P4,1063.1,0.0004,,1.0,0.8821
P4,1063.2,0.0055,,1.0,0.7747
P4,1063.6,0.0008,,1.0,0.8536
P4,1063.7,0.0004,,1.0,0.8768
P4,1063.8,0.0056,,1.0,0.7735
P4,1065.0,0.0074,,1.0,0.7605
P4,1065.4,0.0052,,1.0,0.7776
P4,1065.5,0.0026,,1.0,0.8084
P4,1065.6,0.0004,,1.0,0.8768
P4,1065.7,0.0006,,1.0,0.8654
P4,1065.8,0.0065,,1.0,0.7667
P4,1066.1,0.0035,,1.0,0.7956
P4,1066.2,0.0088,,1.0,0.7521
P4,1067.7,0.0088,,1.0,0.6286
P4,1068.5,0.0077,,1.0,0.7585
P4,1069.7,0.0099,,1.0,0.7461
P4,1069.9,0.0031,,1.0,0.8004
P4,1070.0,0.0012,,1.0,0.8397
P4,1070.1,0.0016,,1.0,0.8291
P4,1070.5,0.004,,1.0,0.7893
P4,1070.6,0.0014,,1.0,0.8346
P4,1070.7,0.0011,,1.0,0.8427
P4,1070.8,0.0025,,1.0,0.8099
P4,1070.9,0.009000000000000001,,1.0,0.7513
P4,1071.0,0.0001,,1.0,0.9957
P4,1071.1,0.0001,,1.0,1.0
P4,1071.2,0.0001,,1.0,1.0
P4,1071.3,0.0001,,1.0,1.0
P4,1071.4,0.0001,,1.0,1.0
P4,1071.5,0.0001,,1.0,1.0
P4,1071.6,0.0001,,1.0,0.9331
P4,1071.7,0.0001,,1.0,0.9471
P4,1071.8,0.0001,,1.0,0.9448
P4,1071.9,0.0001,,1.0,1.0
P4,1072.0,0.0001,,1.0,1.0
P4,1072.1,0.0001,,1.0,1.0
P4,1072.2,0.0001,,1.0,0.9919
P4,1072.3,0.0001,,1.0,1.0
P4,1072.4,0.0001,,1.0,1.0
P4,1072.5,0.0001,,1.0,1.0
P4,1072.6,0.0001,,1.0,1.0
P4,1072.7,0.0001,,1.0,1.0
P4,1072.8,0.0001,,1.0,1.0
P4,1072.9,0.0001,,1.0,1.0
P4,1073.0,0.0001,,1.0,1.0
P4,1073.1,0.0002,,1.0,0.9025
P4,1073.3,0.0013,,1.0,0.8362
P4,1073.4,0.0001,,1.0,1.0
P4,1073.5,0.0001,,1.0,1.0
P4,1073.6,0.0001,,1.0,1.0
P4,1073.7,0.0001,,1.0,1.0
P4,1073.8,0.0001,,1.0,1.0
P4,1073.9,0.0001,,1.0,1.0
P4,1074.0,0.0001,,1.0,1.0
P4,1074.1,0.0001,,1.0,1.0
P4,1074.2,0.0001,,1.0,1.0
P4,1074.3,0.0001,,1.0,1.0
P4,1074.4,0.0001,,1.0,1.0
P4,1074.5,0.0001,,1.0,1.0
P4,1074.6,0.0001,,1.0,1.0
P4,1074.7,0.0001,,1.0,1.0
P4,1074.8,0.0001,,1.0,1.0
P4,1074.9,0.0005,,1.0,0.8748
P4,1075.0,0.0001,,1.0,1.0
P4,1075.1,0.0001,,1.0,1.0
P4,1075.2,0.0001,,1.0,1.0
P4,1075.3,0.0001,,1.0,1.0
P4,1075.6,0.0001,,1.0,0.9423
P4,1075.7,0.0001,,1.0,1.0
P4,1076.4,0.0001,,1.0,1.0
P4,1076.5,0.0001,,1.0,1.0
P4,1076.6,0.0006,,1.0,0.8673
P4,1077.3,0.0036,,1.0,0.7946
P4,1077.4,0.0001,,1.0,1.0
P4,1077.5,0.0001,,1.0,1.0
P4,1077.6,0.0001,,1.0,1.0
P4,1077.7,0.0001,,1.0,0.9128
P4,1077.8,0.0001,,1.0,0.9906
P4,1077.9,0.0001,,1.0,1.0
P4,1078.0,0.0001,,1.0,1.0
P4,1078.1,0.0078,,1.0,0.7578
P4,1078.4,0.0001,,1.0,0.9521
P4,1078.5,0.0015,,1.0,0.8299
P4,1078.7,0.0001,,1.0,0.9388
P4,1078.8,0.0001,,1.0,1.0
P4,1078.9,0.0001,,1.0,1.0
P4,1079.3,0.0001,,1.0,1.0
P4,1079.4,0.0001,,1.0,1.0
P4,1079.5,0.0001,,1.0,1.0
P4,1079.6,0.0001,,1.0,0.9959
P4,1079.7,0.0005,,1.0,0.8761
P4,1079.8,0.0007,,1.0,0.8622
P4,1079.9,0.0001,,1.0,0.9743
P4,1080.0,0.0045,,1.0,0.7835
P4,1080.7,0.0098,,1.0,0.7465
P4,1080.8,0.0003,,1.0,0.8904
P4,1080.9,0.0002,,1.0,0.9087
P4,1081.0,0.0005,,1.0,0.8735
P4,1081.1,0.0003,,1.0,0.8863
P4,1081.2,0.0001,,1.0,1.0
P4,1081.3,0.0001,,1.0,1.0
P4,1081.4,0.0001,,1.0,0.972
P4,1081.5,0.0001,,1.0,1.0
P4,1081.6,0.0001,,1.0,1.0
P4,1081.7,0.0001,,1.0,1.0
P4,1081.8,0.0001,,1.0,1.0
P4,1081.9,0.0001,,1.0,1.0
P4,1082.0,0.0001,,1.0,1.0
P4,1082.1,0.0001,,1.0,1.0
P4,1082.2,0.0001,,1.0,1.0
P4,1082.3,0.002,,1.0,0.8190000000000001
P4,1082.4,0.0001,,1.0,0.9198
P4,1082.5,0.0002,,1.0,0.905
P4,1083.6,0.0001,,1.0,0.9388
P4,1083.7,0.0005,,1.0,0.8741
P4,1084.6,0.0027,,1.0,0.8064
P4,1084.7,0.0001,,1.0,1.0
P4,1084.8,0.0001,,1.0,1.0
P4,1084.9,0.0001,,1.0,1.0
P4,1085.0,0.0001,,1.0,1.0
P4,1085.1,0.0001,,1.0,1.0
P4,1085.2,0.0034,,1.0,0.7962
P4,1085.6,0.0051,,1.0,0.7781
P4,1086.0,0.0007,,1.0,0.86
P4,1086.1,0.0001,,1.0,1.0
P4,1086.2,0.0001,,1.0,1.0
P4,1086.3,0.0001,,1.0,1.0
P4,1086.4,0.0001,,1.0,1.0
P4,1086.5,0.0001,,1.0,1.0
P4,1086.6,0.0001,,1.0,0.9697
P4,1086.7,0.0083,,1.0,0.7548
P4,1086.8,0.0055,,1.0,0.7744
P4,1088.0,0.0001,,1.0,0.9264
P4,1088.1,0.0001,,1.0,1.0
P4,1088.2,0.0001,,1.0,1.0
P4,1088.3,0.0001,,1.0,0.9898
P4,1088.4,0.0059,,1.0,0.7717
P4,1088.7,0.0004,,1.0,0.8828
P4,1088.8,0.0001,,1.0,1.0
P4,1088.9,0.0011,,1.0,0.8445
P4,1089.5,0.0001,,1.0,0.987
P4,1089.6,0.0001,,1.0,1.0
P4,1089.7,0.0001,,1.0,1.0
P4,1089.8,0.0001,,1.0,0.9777
P4,1094.2,0.0023,,1.0,0.8141
P4,1094.3,0.0001,,1.0,0.9256
P4,1094.4,0.001,,1.0,0.8457
P4,1094.5,0.0027,,1.0,0.8067
P4,1094.6,0.0088,,1.0,0.7524
P4,1096.3,0.0007,,1.0,0.8588
P4,1096.4,0.0001,,1.0,0.9307
P4,1096.5,0.0014,,1.0,0.8341
P4,1096.7,0.0016,,1.0,0.8286
P4,1097.1,0.0075,,1.0,0.7601
P4,1097.2,0.0017,,1.0,0.8270000000000001
P4,1097.3,0.0001,,1.0,0.9602
P4,1097.4,0.0003,,1.0,0.8908
P4,1097.5,0.0001,,1.0,1.0
P4,1097.6,0.0001,,1.0,1.0
P4,1097.7,0.0027,,1.0,0.807
P4,1097.8,0.0053,,1.0,0.7761
P4,1097.9,0.0002,,1.0,0.9055
P4,1098.0,0.0001,,1.0,1.0
P4,1098.1,0.0001,,1.0,1.0
P4,1098.2,0.0009,,1.0,0.8512
P4,1099.5,0.0005,,1.0,0.8697
P4,1099.9,0.0001,,1.0,1.0
P4,1100.0,0.0001,,1.0,1.0
P4,1100.1,0.0008,,1.0,0.855
P4,1101.5,0.0002,,1.0,0.902
P4,1101.6,0.0001,,1.0,0.9777
P4,1101.7,0.0099,,1.0,0.7463
P4,1102.4,0.0047,,1.0,0.7819
P4,1102.5,0.0001,,1.0,1.0
P4,1102.6,0.0001,,1.0,1.0
P4,1102.7,0.0001,,1.0,1.0
P4,1102.8,0.0001,,1.0,1.0
P4,1102.9,0.0001,,1.0,1.0
P4,1103.3,0.0092,,1.0,0.7498
P4,1103.4,0.0004,,1.0,0.8794
P4,1103.5,0.0001,,1.0,0.9174
P4,1103.6,0.0019,,1.0,0.8208
P4,1103.7,0.0095,,1.0,0.7481
P4,1105.9,0.0025,,1.0,0.81
P4,1106.0,0.0001,,1.0,0.9843
P4,1106.1,0.0001,,1.0,0.9997
P4,1106.2,0.0001,,1.0,1.0
P4,1106.3,0.0001,,1.0,1.0
P4,1106.4,0.0001,,1.0,1.0
P4,1107.3,0.0001,,1.0,0.9604
P4,1107.4,0.0001,,1.0,1.0
P4,1107.5,0.0001,,1.0,0.9965
P4,1107.7,0.0019,,1.0,0.8220000000000001
P4,1108.4,0.0036,,1.0,0.7943
P4,1108.5,0.0002,,1.0,0.905
P4,1108.6,0.0002,,1.0,0.9096
P4,1108.7,0.0051,,1.0,0.7786
P4,1112.9,0.0005,,1.0,0.8748
P4,1113.0,0.0044,,1.0,0.7852
P4,1113.3,0.0001,,1.0,0.9906
P4,1113.4,0.0001,,1.0,0.9458
P4,1113.5,0.0008,,1.0,0.8557
P4,1113.8,0.0001,,1.0,0.9513
P4,1113.9,0.0001,,1.0,0.9762
P4,1114.0,0.006999999999999999,,1.0,0.7636
P4,1114.1,0.0001,,1.0,0.9831
P4,1114.2,0.0001,,1.0,1.0
P4,1114.3,0.0001,,1.0,0.9513
P4,1114.4,0.0001,,1.0,0.961
P4,1114.5,0.0002,,1.0,0.8966
P4,1114.6,0.0035,,1.0,0.7949
P4,1114.7,0.0001,,1.0,1.0
P4,1114.8,0.0001,,1.0,1.0
P4,1114.9,0.0001,,1.0,1.0
P4,1115.0,0.0001,,1.0,0.9845
P4,1117.2,0.0008,,1.0,0.8533
P4,1117.3,0.0006,,1.0,0.8636
P4,1117.4,0.0001,,1.0,0.9602
P4,1117.5,0.0001,,1.0,0.9959
P4,1117.6,0.0001,,1.0,1.0
P4,1117.7,0.0016,,1.0,0.8288
P4,1118.0,0.0013,,1.0,0.838
P4,1119.5,0.0048,,1.0,0.7815
P4,1119.6,0.0014,,1.0,0.8343
P4,1120.2,0.0029,,1.0,0.8037
P4,1120.3,0.0001,,1.0,0.9892
P4,1120.4,0.0001,,1.0,1.0
P4,1120.5,0.0001,,1.0,1.0
P4,1120.6,0.0016,,1.0,0.8288
P4,1123.7,0.0005,,1.0,0.8692
P4,1123.8,0.0001,,1.0,1.0
P4,1123.9,0.0001,,1.0,0.9212
P4,1124.0,0.0001,,1.0,1.0
P4,1124.1,0.0001,,1.0,1.0
P4,1126.0,0.0001,,1.0,0.5167
P4,1126.1,0.0001,,1.0,1.0
P4,1126.2,0.0001,,1.0,1.0
P4,1126.3,0.0001,,1.0,1.0
P4,1126.4,0.0079,,1.0,0.7572
P4,1127.6,0.0005,,1.0,0.8733
P4,1127.7,0.0001,,1.0,0.9146
P4,1127.8,0.0001,,1.0,1.0
P4,1127.9,0.0001,,1.0,1.0
P4,1128.0,0.0001,,1.0,1.0
P4,1128.1,0.0001,,1.0,1.0
P4,1128.2,0.0004,,1.0,0.8827
P4,1128.3,0.0041,,1.0,0.7884
P4,1128.6,0.0001,,1.0,0.9719
P4,1128.7,0.0001,,1.0,0.9616
P4,1128.8,0.0004,,1.0,0.8837
P4,1129.6,0.0037,,1.0,0.7931
P4,1129.7,0.0001,,1.0,1.0
P4,1129.8,0.0014,,1.0,0.8339
P4,1131.0,0.0001,,1.0,1.0
P4,1131.1,0.0001,,1.0,1.0
P4,1131.2,0.0001,,1.0,1.0
P4,1131.3,0.0001,,1.0,1.0
P4,1131.4,0.0001,,1.0,1.0
P4,1131.5,0.0001,,1.0,1.0
P4,1131.6,0.0001,,1.0,1.0
P4,1131.7,0.0001,,1.0,1.0
P4,1131.8,0.0001,,1.0,1.0
P4,1131.9,0.0001,,1.0,0.9164
P4,1132.1,0.0001,,1.0,0.9615
P4,1132.2,0.0001,,1.0,1.0
P4,1132.3,0.0001,,1.0,1.0
P4,1132.4,0.0001,,1.0,1.0
P4,1132.5,0.0001,,1.0,1.0
P4,1132.6,0.0001,,1.0,0.9957
P4,1132.7,0.0001,,1.0,0.9625
P4,1132.8,0.0001,,1.0,1.0
P4,1132.9,0.0001,,1.0,1.0
P4,1133.0,0.0001,,1.0,1.0
P4,1133.1,0.0001,,1.0,1.0
P4,1133.2,0.0001,,1.0,1.0
P4,1133.3,0.0001,,1.0,1.0
P4,1133.4,0.0001,,1.0,1.0
P4,1133.5,0.0001,,1.0,1.0
P4,1133.6,0.0001,,1.0,1.0
P4,1133.7,0.0001,,1.0,1.0
P4,1133.8,0.0001,,1.0,1.0
P4,1133.9,0.0001,,1.0,1.0
P4,1134.0,0.0001,,1.0,1.0
P4,1134.1,0.0001,,1.0,1.0
P4,1134.2,0.0001,,1.0,1.0
P4,1134.3,0.0001,,1.0,1.0
P4,1134.4,0.0001,,1.0,1.0
P4,1134.5,0.0001,,1.0,1.0
P4,1134.6,0.0001,,1.0,1.0
P4,1134.7,0.0001,,1.0,1.0
P4,1134.8,0.0001,,1.0,1.0
P4,1134.9,0.0001,,1.0,1.0
P4,1135.0,0.0001,,1.0,1.0
P4,1135.1,0.0001,,1.0,1.0
P4,1135.2,0.0001,,1.0,1.0
P4,1135.3,0.0001,,1.0,1.0
P4,1135.4,0.0001,,1.0,1.0
P4,1135.5,0.0001,,1.0,1.0
P4,1135.6,0.0001,,1.0,1.0
P4,1135.7,0.0001,,1.0,1.0
P4,1135.8,0.0001,,1.0,1.0
P4,1135.9,0.0001,,1.0,1.0
P4,1136.0,0.0001,,1.0,1.0
P4,1136.1,0.0001,,1.0,1.0
P4,1136.2,0.0001,,1.0,1.0
P4,1136.3,0.0001,,1.0,1.0
P4,1136.4,0.0001,,1.0,1.0
P4,1136.5,0.0001,,1.0,1.0
P4,1136.6,0.0001,,1.0,1.0
P4,1136.7,0.0001,,1.0,1.0
P4,1136.8,0.0001,,1.0,1.0
P4,1136.9,0.0001,,1.0,1.0
P4,1137.0,0.0001,,1.0,1.0
P4,1137.1,0.0001,,1.0,1.0
P4,1137.2,0.0001,,1.0,1.0
P4,1137.3,0.0001,,1.0,1.0
P4,1137.4,0.0001,,1.0,1.0
P4,1137.5,0.0001,,1.0,1.0
P4,1137.6,0.0001,,1.0,1.0
P4,1137.7,0.0001,,1.0,1.0
P4,1137.8,0.0001,,1.0,1.0
P4,1137.9,0.0001,,1.0,1.0
P4,1138.0,0.0001,,1.0,1.0
P4,1138.1,0.0001,,1.0,0.992
P4,1138.2,0.0001,,1.0,0.9736
P4,1138.3,0.0001,,1.0,1.0
P4,1138.4,0.0001,,1.0,1.0
P4,1138.5,0.0001,,1.0,1.0
P4,1138.6,0.0001,,1.0,1.0
P4,1138.7,0.0001,,1.0,1.0
P4,1138.8,0.0001,,1.0,1.0
P4,1138.9,0.0001,,1.0,1.0
P4,1139.0,0.0001,,1.0,1.0
P4,1139.1,0.0001,,1.0,1.0
P4,1139.2,0.0001,,1.0,1.0
P4,1139.3,0.0001,,1.0,1.0
P4,1139.4,0.0001,,1.0,1.0
P4,1139.5,0.0001,,1.0,1.0
P4,1139.6,0.0001,,1.0,1.0
P4,1139.7,0.0001,,1.0,1.0
P4,1139.8,0.0001,,1.0,1.0
P5,1056.9,0.0068,,1.0,0.7314
P5,1057.0,0.006999999999999999,,1.0,0.7295
P5,1059.2,0.0091,,1.0,0.7154
P5,1059.3,0.0041,,1.0,0.7568
P5,1063.1,0.0033,,1.0,0.7666
P5,1063.2,0.0001,,1.0,0.9385
P5,1063.3,0.0001,,1.0,1.0
P5,1063.4,0.0001,,1.0,1.0
P5,1063.5,0.0001,,1.0,1.0
P5,1063.6,0.0001,,1.0,1.0
P5,1063.7,0.0006,,1.0,0.8408
P5,1063.8,0.0062,,1.0,0.7355
P5,1065.5,0.005,,1.0,0.747
P5,1065.6,0.0048,,1.0,0.7486
P5,1065.7,0.0047,,1.0,0.7502
P5,1065.8,0.0098,,1.0,0.7113
P5,1065.9,0.0085,,1.0,0.7194
P5,1066.0,0.004,,1.0,0.7584
P5,1066.1,0.0004,,1.0,0.8553
P5,1066.2,0.0001,,1.0,1.0
P5,1066.3,0.0001,,1.0,1.0
P5,1066.4,0.0001,,1.0,1.0
P5,1066.5,0.0001,,1.0,1.0
P5,1066.6,0.0001,,1.0,1.0
P5,1066.7,0.0001,,1.0,1.0
P5,1066.8,0.0001,,1.0,1.0
P5,1066.9,0.0001,,1.0,1.0
P5,1067.0,0.0019,,1.0,0.7923
P5,1067.4,0.0009,,1.0,0.8253
P5,1067.5,0.0006,,1.0,0.8402
P5,1067.6,0.0026,,1.0,0.7777
P5,1070.1,0.0069,,1.0,0.7305
P5,1077.1,0.0058,,1.0,0.7392
P5,1077.2,0.0013,,1.0,0.8094
P5,1077.3,0.0019,,1.0,0.7917
P5,1078.1,0.0019,,1.0,0.7923
P5,1078.2,0.0008,,1.0,0.831
P5,1078.3,0.0025,,1.0,0.7809999999999999
P5,1078.4,0.0036,,1.0,0.7629
P5,1078.5,0.0025,,1.0,0.7803
P5,1078.6,0.0003,,1.0,0.8696
P5,1078.7,0.0001,,1.0,1.0
P5,1078.8,0.0001,,1.0,1.0
P5,1078.9,0.0001,,1.0,1.0
P5,1079.0,0.0001,,1.0,1.0
P5,1079.1,0.0001,,1.0,1.0
P5,1079.2,0.0001,,1.0,0.9979
P5,1079.3,0.0006,,1.0,0.8439
P5,1079.4,0.0001,,1.0,0.8944
P5,1079.5,0.0041,,1.0,0.7569
P5,1080.4,0.0014,,1.0,0.8068
P5,1080.5,0.0001,,1.0,0.9515
P5,1080.6,0.0001,,1.0,0.927
P5,1080.7,0.0003,,1.0,0.871
P5,1080.8,0.0001,,1.0,1.0
P5,1080.9,0.0001,,1.0,0.9183
P5,1081.0,0.0022,,1.0,0.7864
P5,1083.7,0.0052,,1.0,0.7452
P5,1083.8,0.0001,,1.0,0.8923
P5,1083.9,0.0004,,1.0,0.8575
P5,1084.0,0.0014,,1.0,0.8063
P5,1084.1,0.0001,,1.0,1.0
P5,1084.2,0.0001,,1.0,0.9642
P5,1084.3,0.0001,,1.0,1.0
P5,1084.4,0.0001,,1.0,0.9032
P5,1084.5,0.0071,,1.0,0.7287
P5,1084.9,0.0048,,1.0,0.7490000000000001
P5,1085.0,0.0006,,1.0,0.8405
P5,1085.1,0.0001,,1.0,0.9179999999999999
P5,1085.2,0.0001,,1.0,0.897
P5,1085.3,0.0002,,1.0,0.8779
P5,1085.4,0.0003,,1.0,0.8689
P5,1085.5,0.0003,,1.0,0.8655
P5,1085.6,0.0018,,1.0,0.7954
P5,1086.8,0.003,,1.0,0.7709
P5,1086.9,0.0006,,1.0,0.8377
P5,1087.0,0.0006,,1.0,0.8391
P5,1087.1,0.0003,,1.0,0.8694
P5,1087.2,0.0001,,1.0,0.9146
P5,1087.3,0.0002,,1.0,0.8767
P5,1087.4,0.0001,,1.0,0.9159
P5,1087.5,0.0001,,1.0,0.9223
P5,1087.6,0.0002,,1.0,0.8898
P5,1087.7,0.0009,,1.0,0.8233
P5,1087.8,0.0003,,1.0,0.8719
P5,1087.9,0.0001,,1.0,0.9964
P5,1088.0,0.0001,,1.0,0.9857
P5,1088.1,0.0001,,1.0,1.0
P5,1088.2,0.0001,,1.0,1.0
P5,1088.3,0.0001,,1.0,1.0
P5,1088.4,0.0001,,1.0,1.0
P5,1088.5,0.0001,,1.0,1.0
P5,1088.6,0.0001,,1.0,1.0
P5,1088.7,0.0001,,1.0,0.9135
P5,1088.8,0.0043,,1.0,0.7541
P5,1089.2,0.0021,,1.0,0.7883
P5,1089.3,0.0001,,1.0,0.8909999999999999
P5,1089.4,0.0001,,1.0,1.0
P5,1089.5,0.0001,,1.0,1.0
P5,1089.6,0.0001,,1.0,1.0
P5,1089.7,0.0001,,1.0,1.0
P5,1089.8,0.0001,,1.0,1.0
P5,1089.9,0.0001,,1.0,0.9323
P5,1090.0,0.0002,,1.0,0.8758
P5,1090.1,0.0039,,1.0,0.759
P5,1090.2,0.0042,,1.0,0.7559
P5,1090.3,0.0047,,1.0,0.7495
P5,1091.7,0.0074,,1.0,0.7264
P5,1092.0,0.0074,,1.0,0.7266
P5,1092.1,0.0001,,1.0,0.8996
P5,1092.2,0.0001,,1.0,0.9589
P5,1092.3,0.0001,,1.0,1.0
P5,1092.4,0.0001,,1.0,1.0
P5,1092.5,0.0001,,1.0,0.9866
P5,1092.6,0.0033,,1.0,0.7677
P5,1092.7,0.0004,,1.0,0.8524
P5,1092.8,0.0001,,1.0,0.8996
P5,1092.9,0.0001,,1.0,0.8959
P5,1093.0,0.0061,,1.0,0.7364
P5,1093.6,0.0002,,1.0,0.8791
P5,1093.7,0.0001,,1.0,1.0
P5,1093.8,0.0001,,1.0,1.0
P5,1093.9,0.0001,,1.0,1.0
P5,1094.0,0.0001,,1.0,1.0
P5,1094.1,0.0001,,1.0,1.0
P5,1094.2,0.0001,,1.0,1.0
P5,1094.3,0.0001,,1.0,1.0
P5,1094.4,0.0001,,1.0,1.0
P5,1094.5,0.0001,,1.0,1.0
P5,1094.6,0.0001,,1.0,1.0
P5,1094.7,0.0001,,1.0,1.0
P5,1094.8,0.0001,,1.0,1.0
P5,1094.9,0.0001,,1.0,1.0
P5,1095.0,0.0001,,1.0,1.0
P5,1095.1,0.0001,,1.0,1.0
P5,1095.2,0.0007,,1.0,0.8340000000000001
P5,1095.3,0.0013,,1.0,0.8076
P5,1095.4,0.0001,,1.0,0.9211
P5,1095.5,0.0001,,1.0,1.0
P5,1095.6,0.0001,,1.0,1.0
P5,1095.7,0.0001,,1.0,1.0
P5,1095.8,0.0001,,1.0,1.0
P5,1095.9,0.0001,,1.0,1.0
P5,1096.0,0.0001,,1.0,1.0
P5,1096.1,0.0001,,1.0,1.0
P5,1096.2,0.0001,,1.0,1.0
P5,1096.3,0.0001,,1.0,1.0
P5,1096.4,0.0001,,1.0,1.0
P5,1096.5,0.0001,,1.0,1.0
P5,1096.6,0.0001,,1.0,0.951
P5,1096.7,0.0006,,1.0,0.8406
P5,1096.8,0.0026,,1.0,0.7791
P5,1096.9,0.009000000000000001,,1.0,0.7158
P5,1097.7,0.0078,,1.0,0.7240000000000001
P5,1097.9,0.0058,,1.0,0.7390000000000001
P5,1098.0,0.0025,,1.0,0.7806
P5,1098.1,0.0022,,1.0,0.7851
P5,1098.2,0.0075,,1.0,0.7261
P5,1098.4,0.0067,,1.0,0.7321
P5,1098.5,0.0029,,1.0,0.7728
P5,1098.6,0.0071,,1.0,0.7290000000000001
P5,1099.0,0.0067,,1.0,0.732
P5,1099.5,0.0069,,1.0,0.7305
P5,1099.9,0.0078,,1.0,0.7235
P5,1121.2,0.0041,,1.0,0.7569
P5,1121.3,0.0001,,1.0,0.8996
P5,1121.4,0.0004,,1.0,0.86
P5,1124.6,0.0002,,1.0,0.8756
P5,1124.7,0.0005,,1.0,0.8454
P5,1124.9,0.0017,,1.0,0.7972
P5,1127.5,0.0011,,1.0,0.8164
P5,1127.6,0.0038,,1.0,0.7605
P5,1127.7,0.0006,,1.0,0.8394
P5,1127.8,0.0001,,1.0,0.9229999999999999
P5,1127.9,0.005,,1.0,0.7467
P5,1128.1,0.0057,,1.0,0.7398
P5,1128.2,0.0001,,1.0,0.8943
P5,1128.3,0.0001,,1.0,0.9464
P5,1129.9,0.0008,,1.0,0.8288
P5,1130.0,0.0001,,1.0,0.9303
P5,1131.3,0.0062,,1.0,0.7357
P5,1131.4,0.0011,,1.0,0.8176
P5,1131.5,0.003,,1.0,0.7717
P5,1132.3,0.0022,,1.0,0.7868
P5,1132.4,0.0007,,1.0,0.8367
P5,1132.5,0.0001,,1.0,0.9271
P5,1132.6,0.0001,,1.0,1.0
P5,1132.7,0.0001,,1.0,1.0
P5,1132.8,0.0006,,1.0,0.8425
P5,1133.2,0.0001,,1.0,1.0
P5,1133.3,0.0001,,1.0,1.0
P5,1133.4,0.0001,,1.0,0.9691
P5,1135.7,0.0083,,1.0,0.7207
P5,1135.8,0.0003,,1.0,0.8633
P5,1135.9,0.0019,,1.0,0.7919
P5,1136.0,0.0012,,1.0,0.8123
P5,1136.1,0.0006,,1.0,0.8403
P5,1138.3,0.0028,,1.0,0.7748
P5,1138.4,0.0001,,1.0,1.0
P5,1138.5,0.0001,,1.0,1.0
P5,1138.6,0.0004,,1.0,0.8547
P5,1143.2,0.0014,,1.0,0.8053
P5,1143.3,0.0038,,1.0,0.7607
P5,1143.4,0.0093,,1.0,0.7140000000000001
P5,1144.7,0.0011,,1.0,0.8161
P5,1144.8,0.0001,,1.0,0.9645
P5,1144.9,0.0001,,1.0,0.9986
P5,1145.0,0.0001,,1.0,0.8965
P5,1145.1,0.0035,,1.0,0.7639
P5,1147.0,0.0011,,1.0,0.8166
P5,1147.1,0.0012,,1.0,0.8136
P5,1147.2,0.0074,,1.0,0.7265
P5,1150.6,0.0007,,1.0,0.8328
P5,1150.7,0.0001,,1.0,0.9443
P5,1150.8,0.0017,,1.0,0.7972
P5,1153.9,0.0067,,1.0,0.7319
P5,1154.0,0.0009,,1.0,0.8239
P5,1154.1,0.0011,,1.0,0.8147
P5,1157.1,0.0072,,1.0,0.7278
P5,1157.2,0.0001,,1.0,1.0
P5,1157.3,0.0001,,1.0,1.0
P5,1157.4,0.0001,,1.0,1.0
P5,1157.5,0.0001,,1.0,0.9991
P5,1157.6,0.0001,,1.0,1.0
P5,1157.7,0.0001,,1.0,1.0
P5,1157.8,0.0001,,1.0,0.9869
P5,1157.9,0.0005,,1.0,0.8512
P5,1158.0,0.0005,,1.0,0.846
P5,1158.1,0.0002,,1.0,0.8748
P5,1158.2,0.0001,,1.0,0.9504
P5,1158.3,0.0001,,1.0,1.0
P5,1158.4,0.0001,,1.0,1.0
P5,1158.5,0.0013,,1.0,0.809
P5,1159.2,0.0013,,1.0,0.8093
P5,1159.3,0.0001,,1.0,1.0
P5,1159.4,0.0001,,1.0,1.0
P5,1159.5,0.0001,,1.0,1.0
P5,1159.6,0.0001,,1.0,0.905
P5,1160.2,0.0014,,1.0,0.8068
P5,1160.3,0.0034,,1.0,0.7653
P5,1160.4,0.0001,,1.0,1.0
P5,1160.5,0.0001,,1.0,1.0
P5,1160.6,0.001,,1.0,0.8185
P5,1161.8,0.0008,,1.0,0.8270000000000001
P5,1161.9,0.0001,,1.0,1.0
P5,1162.0,0.0001,,1.0,1.0
P5,1162.1,0.0001,,1.0,0.9603
P5,1162.2,0.001,,1.0,0.8194
P5,1162.3,0.0077,,1.0,0.7247
P5,1164.1,0.0075,,1.0,0.726
P5,1164.2,0.0005,,1.0,0.8467
P5,1164.3,0.0001,,1.0,0.9675
P5,1164.4,0.0001,,1.0,1.0
P5,1164.5,0.0001,,1.0,1.0
P5,1164.6,0.0001,,1.0,0.9432
P5,1164.7,0.0006,,1.0,0.8392
P5,1164.8,0.0053,,1.0,0.7439
P5,1165.6,0.0086,,1.0,0.7181
P5,1165.7,0.0001,,1.0,0.9122
P5,1165.8,0.0001,,1.0,1.0
P5,1165.9,0.0001,,1.0,1.0
P5,1166.0,0.0001,,1.0,0.9164
P5,1166.9,0.0002,,1.0,0.8809999999999999
P5,1167.0,0.0001,,1.0,1.0
P5,1167.1,0.0001,,1.0,1.0
P5,1167.2,0.0001,,1.0,1.0
P5,1167.3,0.0001,,1.0,1.0
P5,1167.4,0.0001,,1.0,1.0
P5,1167.5,0.0001,,1.0,1.0
P5,1167.6,0.0001,,1.0,1.0
P5,1167.7,0.0001,,1.0,1.0
P5,1167.8,0.0001,,1.0,1.0
P5,1167.9,0.0001,,1.0,1.0
P5,1168.0,0.0001,,1.0,1.0
P5,1171.0,0.0001,,1.0,0.9113
P5,1171.1,0.0001,,1.0,1.0
P5,1171.2,0.0001,,1.0,0.9006
P5,1171.9,0.0059,,1.0,0.7383
P5,1172.0,0.0001,,1.0,1.0
P5,1172.1,0.0001,,1.0,1.0
P5,1172.2,0.0001,,1.0,1.0
P5,1172.3,0.0001,,1.0,1.0
P5,1172.4,0.0001,,1.0,1.0
P5,1172.5,0.0001,,1.0,1.0
P5,1172.6,0.0001,,1.0,1.0
P5,1172.7,0.0001,,1.0,1.0
P5,1172.8,0.0001,,1.0,1.0
P5,1172.9,0.0001,,1.0,1.0
P5,1173.0,0.0001,,1.0,1.0
P5,1173.1,0.0001,,1.0,1.0
P5,1173.2,0.0001,,1.0,1.0
P5,1173.3,0.0001,,1.0,1.0
P5,1173.4,0.0001,,1.0,1.0
P5,1173.5,0.0001,,1.0,1.0
P5,1173.6,0.0001,,1.0,1.0
P5,1173.7,0.0001,,1.0,1.0
P5,1173.8,0.0001,,1.0,1.0
P5,1173.9,0.0001,,1.0,1.0
P5,1174.0,0.0001,,1.0,1.0
P5,1174.1,0.0001,,1.0,1.0
P5,1174.2,0.0001,,1.0,1.0
P5,1174.3,0.0001,,1.0,1.0
P5,1174.4,0.0001,,1.0,1.0
P5,1174.5,0.0001,,1.0,1.0
P5,1174.6,0.0001,,1.0,1.0
P5,1174.7,0.0001,,1.0,1.0
P5,1174.8,0.0001,,1.0,1.0
P5,1174.9,0.0001,,1.0,1.0
P5,1175.0,0.0001,,1.0,1.0
P5,1175.1,0.0001,,1.0,1.0
P5,1175.2,0.0001,,1.0,1.0
P5,1175.3,0.0001,,1.0,1.0
P5,1175.4,0.0001,,1.0,1.0
P5,1175.5,0.0001,,1.0,1.0
P5,1175.6,0.0001,,1.0,1.0
P5,1175.7,0.0001,,1.0,1.0
P5,1175.8,0.0001,,1.0,1.0
P5,1175.9,0.0001,,1.0,1.0
P5,1176.0,0.0001,,1.0,1.0
P5,1176.1,0.0001,,1.0,1.0
P5,1176.2,0.0001,,1.0,1.0
P5,1176.3,0.0001,,1.0,1.0
P5,1176.4,0.0001,,1.0,1.0
P5,1176.5,0.0001,,1.0,1.0
P5,1176.6,0.0001,,1.0,1.0
P5,1176.7,0.0001,,1.0,1.0
P5,1176.8,0.0001,,1.0,1.0
P5,1176.9,0.0001,,1.0,1.0
P5,1177.0,0.0001,,1.0,1.0
P5,1177.1,0.0001,,1.0,1.0
P5,1177.2,0.0001,,1.0,1.0
P5,1177.3,0.0001,,1.0,1.0
P5,1177.4,0.0001,,1.0,1.0
P5,1177.5,0.0001,,1.0,1.0
P5,1177.6,0.0001,,1.0,1.0
P5,1177.7,0.0001,,1.0,1.0
P5,1177.8,0.0001,,1.0,1.0
P5,1177.9,0.0001,,1.0,1.0
P5,1178.0,0.0001,,1.0,1.0
P5,1178.1,0.0001,,1.0,1.0
P5,1178.2,0.0001,,1.0,1.0
P5,1178.3,0.0001,,1.0,1.0
P5,1178.4,0.0001,,1.0,1.0
P5,1178.5,0.0001,,1.0,1.0
P5,1178.6,0.0001,,1.0,1.0
P5,1178.7,0.0001,,1.0,1.0
P5,1178.8,0.0001,,1.0,1.0
P5,1178.9,0.0001,,1.0,1.0
P5,1179.0,0.0001,,1.0,1.0
P5,1179.1,0.0001,,1.0,1.0
P5,1179.2,0.0001,,1.0,1.0
P5,1179.3,0.0001,,1.0,1.0
P5,1179.4,0.0001,,1.0,1.0
P5,1179.5,0.0001,,1.0,1.0
P5,1179.6,0.0001,,1.0,1.0
P5,1179.7,0.0001,,1.0,1.0
P5,1179.8,0.0001,,1.0,1.0
P5,1179.9,0.0001,,1.0,1.0
P5,1180.0,0.0001,,1.0,1.0
P5,1180.1,0.0001,,1.0,1.0
P5,1180.2,0.0001,,1.0,1.0
P5,1180.3,0.0001,,1.0,1.0
P5,1180.4,0.0001,,1.0,1.0
P5,1180.5,0.0001,,1.0,1.0
P5,1180.6,0.0001,,1.0,1.0
P5,1180.7,0.0001,,1.0,1.0
P5,1180.8,0.0001,,1.0,1.0
P5,1180.9,0.0001,,1.0,1.0
P5,1181.0,0.0001,,1.0,1.0
P5,1181.1,0.0001,,1.0,1.0
P5,1181.2,0.0001,,1.0,1.0
P5,1181.3,0.0001,,1.0,1.0
P5,1181.4,0.0001,,1.0,1.0
P5,1181.5,0.0001,,1.0,1.0
P5,1181.6,0.0001,,1.0,1.0
P5,1181.7,0.0001,,1.0,1.0
P5,1181.8,0.0001,,1.0,1.0
P5,1181.9,0.0001,,1.0,1.0
P5,1182.0,0.0001,,1.0,1.0
P5,1182.1,0.0001,,1.0,1.0
P5,1182.2,0.0001,,1.0,1.0
P5,1182.3,0.0001,,1.0,1.0
P5,1182.4,0.0001,,1.0,1.0
P5,1182.5,0.0001,,1.0,1.0
P5,1182.6,0.0001,,1.0,1.0
P5,1182.7,0.0001,,1.0,1.0
P5,1182.8,0.0001,,1.0,1.0
P5,1182.9,0.0001,,1.0,1.0
P5,1183.0,0.0001,,1.0,1.0
P5,1183.1,0.0001,,1.0,1.0
P5,1183.2,0.0001,,1.0,1.0
P5,1183.3,0.0001,,1.0,1.0
P5,1183.4,0.0001,,1.0,1.0
P5,1183.5,0.0001,,1.0,1.0
P5,1183.6,0.0001,,1.0,1.0
P5,1183.7,0.0001,,1.0,1.0
P5,1183.8,0.0001,,1.0,1.0
P5,1183.9,0.0001,,1.0,1.0
P5,1184.0,0.0001,,1.0,1.0
P5,1184.1,0.0001,,1.0,1.0
P5,1184.2,0.0001,,1.0,1.0
P5,1184.3,0.0001,,1.0,1.0
P5,1184.4,0.0001,,1.0,1.0
P5,1184.5,0.0001,,1.0,1.0
P5,1184.6,0.0001,,1.0,1.0
P5,1184.7,0.0001,,1.0,1.0
P5,1184.8,0.0001,,1.0,1.0
P5,1184.9,0.0001,,1.0,1.0
P5,1185.0,0.0001,,1.0,1.0
P5,1185.1,0.0001,,1.0,1.0
P5,1185.2,0.0001,,1.0,1.0
P5,1185.3,0.0001,,1.0,1.0
P5,1185.4,0.0001,,1.0,1.0
P5,1185.5,0.0001,,1.0,1.0
P5,1185.6,0.0001,,1.0,1.0
P5,1185.7,0.0001,,1.0,1.0
P5,1185.8,0.0001,,1.0,1.0
P5,1185.9,0.0001,,1.0,1.0
P5,1186.0,0.0001,,1.0,1.0
P5,1186.1,0.0008,,1.0,0.8279
